ID,Title,Yrke,,,Utbildning ,Timestamp,,,,,Timestamp
1,Snickare sökers,Snickare -,,,Körkort B -,441767841948,,,,,
2,Sjuksköterska till Norge,Sjuksköterska -,,,Legitimerad -,441767847884,,,,,
3,Sjuksköterska Capio Novakliniken Gärsnäs - Simrishamn,Sjuksköterska -,,,"Legitimerad -, Högskola -",441769441492,,,,,
4,Sjuksköterska Skåne Stadsmission,Sjuksköterska -,,,"Legitimerad -, Högskola -, Körkort B -",441769446057,,,,,
5,"Sjuksköterska Sektor socialtjänst, HSL - Nordmaling",Sjuksköterska -,,,"Legitimerad -, Högskola -, Körkort B -",441769449303,,,,,
6,"Sjuksköterska Capio Närsjukvård, Capio Novakliniken Marinan",Sjuksköterska -,,,"Legitimerad -, Högskola -",441769454203,,,,,
7,Sjuksköterska SKHLM Vårdcentral AB ,Sjuksköterska -,,,"Legitimerad -, Högskola -",441769457455,,,,,
8,"Sjuksköterska kommun, Hemtjänstområde Västra",Sjuksköterska -,,,"Legitimerad -, Högskola -",441769461000,,,,,
9,Sjuksköterska Region ,Sjuksköterska -,,,"Legitimerad -, Högskola -",441769464475,,,,,
10,Sjuksköterska Agaten hemtjänst ,Sjuksköterska -,,,"Legitimerad -, Högskola -",441769468204,,,,,
11,Sjuksköterska Uppsala kommun,Sjuksköterska -,,,"Legitimerad -, Högskola -",441769471765,,,,,
12,"Sjuksköterska Sjukhusen i väster, Geriatrik, neurologi",Sjuksköterska -,,,"Legitimerad -, Högskola -",441769475260,,,,,
13,Sjuksköterska Eduredo AB ,Sjuksköterska -,,,"Legitimerad -, Högskola -",441769478444,,,,,
14,Sjuksköterska Eduredo AB ,Sjuksköterska -,,,"Legitimerad -, Högskola -",441769483276,,,,,
15,Sjuksköterska EduredSverige,Sjuksköterska -,,,"Legitimerad -, Högskola -",441769494158,,,,,
16,Sjuksköterska Närsjukhuset Österlen,Sjuksköterska -,,,"Legitimerad -, Högskola -",441769498757,,,,,
17,Sjuksköterska Wasa Vårdcentra,Sjuksköterska -,,,"Legitimerad -, Högskola -",441769505468,,,,,
18,Sjuksköterska Capio Närsjukvård,Sjuksköterska -,,,"Legitimerad -, Högskola -",441769510913,,,,,
19,Sjuksköterska Överkalix kommun ,Sjuksköterska -,,,"Legitimerad -, Högskola -",441769517221,,,,,
20,Sjuksköterska strokeavdelning Stroke,Sjuksköterska -,,,"Legitimerad -, Högskola -, Körkort B -",441769522185,,,,,
21,Sjuksköterska Uppvakningsavdelningen,Sjuksköterska -,,,"Legitimerad -, Högskola -",441769527650,,,,,
22,Sjuksköterska Ögonmottagning,Sjuksköterska -,,,"Legitimerad -, Högskola -",441769533772,,,,,
23,Sjuksköterska natt,Sjuksköterska -,,,"Legitimerad -, Högskola -",441769537394,,,,,
24,Sjuksköterska bemanningsenheten,Sjuksköterska -,,,"Legitimerad -, Högskola -",441769542207,,,,,
25,Sjuksköterska specialistsjuksköterska,Sjuksköterska -,,,"Legitimerad -, Högskola -",441769545871,,,,,
26,Sjuksköterska hemsjukvård,Sjuksköterska -,,,"Legitimerad -, Högskola -",441769549649,,,,,
27,Sjuksköterska semestervikariat,Sjuksköterska -,,,"Legitimerad -, Högskola -",441769553732,,,,,
28,Sjuksköterska geriatrik,Sjuksköterska -,,,"Legitimerad -, Högskola -",441769558428,,,,,
29,Legitimerad sjuksköterska,Sjuksköterska -,,,"Legitimerad -, Högskola -",441769562062,,,,,
30,Sjuksköterska Hemsjukvården,Sjuksköterska -,,,"Legitimerad -, Högskola -",441769565780,,,,,
31,Sjuksköterska vikariat,Sjuksköterska -,,,"Legitimerad -, Högskola -",441769569128,,,,,
32,Sjuksköterska sökes,Sjuksköterska -,,,"Legitimerad -, Högskola -, Körkort B -",441769845934,,,,,
33,"Rehabkoordinator, sjuksköterska",Sjuksköterska -,,,"Legitimerad -, Högskola -",441769848945,,,,,
34,"Sjuksköterska, SSK",Sjuksköterska -,,,"Legitimerad -, Högskola -",441769851395,,,,,
35,Sjuksköterska LSS,Sjuksköterska -,,,"Legitimerad -, Högskola -",441769854618,,,,,
36,Sjuksköterska Ortopedkliniken,Sjuksköterska -,,,"Legitimerad -, Högskola -, Körkort B -",441769857719,,,,,
37,Sjuksköterska psykiatri,Sjuksköterska -,,,"Legitimerad -, Högskola -",441769861268,,,,,
38,Sjuksköterska äldreomsorg,Sjuksköterska -,,,"Legitimerad -, Högskola -, Körkort B -",441769864932,,,,,
39,Sjuksköterska timanställning,Sjuksköterska -,,,"Legitimerad -, Högskola -, Körkort B -",441769868675,,,,,
40,"Sjuksköterska, Medicin/HIA",Sjuksköterska -,,,"Legitimerad -, Högskola -",441769871094,,,,,
41,Sjuksköterska akutmottagningen Region Värmland,Sjuksköterska -,,,"Legitimerad -, Högskola -",441769875125,,,,,
42,"Sjuksköterska, akutmottagningen",Sjuksköterska -,,,"Legitimerad -, Högskola -",441769880535,,,,,
43,Välkommen Sjuksköterska!,Sjuksköterska -,,,"Legitimerad -, Högskola -",441769883414,,,,,
44,Sjuksköterska Hemsjukvård,Sjuksköterska -,,,"Legitimerad -, Högskola -",441769890153,,,,,
45,Legitimerad Sjuksköterska,Sjuksköterska -,,,"Legitimerad -, Högskola -, Körkort B -",441769893296,,,,,
46,Sjuksköterska Diabetes,Sjuksköterska -,,,"Legitimerad -, Högskola -",441769896459,,,,,
47,Sommarjobb sjuksköterska,Sjuksköterska -,,,"Legitimerad -, Högskola -",441769900472,,,,,
48,Sjuksköterska dialysen,Sjuksköterska -,,,"Legitimerad -, Högskola -",441769904223,,,,,
49,Sjuksköterska Nattjänstgöring,Sjuksköterska -,,,"Legitimerad -, Högskola -",441769907303,,,,,
50,Sjuksköterska Ortopeden,Sjuksköterska -,,,"Legitimerad -, Högskola -, Körkort B -",441769911403,,,,,
51,Snickare Peab Byggservice,Snickare -,,,"Gymnasiet -, Körkort B -",441769950515,,,,,
52,Snickare AB Byggprojket,Snickare -,,,"Gymnasiet -, Körkort B -",441769958909,,,,,
53,Snickare Kök & Inredning,Snickare -,,,"Gymnasiet -, Körkort B -",441769966811,,,,,
54, Snickare Nettuno Bygg & Transport,Snickare -,,,Körkort B -,441769971295,,,,,
55,Snickare Ouazzani Invest AB ,Snickare -,,,Körkort B -,441769974950,,,,,
56,Snickare LN Personal AB,Snickare -,,,"Gymnasiet -, Körkort B -",441769977866,,,,,
57,Snickare Storstockholm -,Snickare -,,,Körkort B -,441769981448,,,,,
58,Snickare Gestricia bygg & service AB ,Snickare -,,,Körkort B -,441769984751,,,,,
59,Snickare Piteå Kommun,Snickare -,,,Körkort B -,441769990009,,,,,
60,Snickare Scandinavian Internet Group AB,Snickare -,,,Körkort B -,441769994061,,,,,
61,Snickare CG-Byggen AB,Snickare -,,,"Gymnasiet -, Körkort B -",441769999090,,,,,
62,Snickare Karlstad,Snickare -,,,Körkort B -,441770002217,,,,,
63,Snickare WorkWeb,Snickare -,,,Körkort B -,441770005667,,,,,
64,Snickare ByggConstruct AB,Snickare -,,,Körkort B -,441770008271,,,,,
65,Snickare Hekuri Svets & Montage AB,Snickare -,,,Körkort B -,441770015609,,,,,
66,Snickare Jatic Bygg AB,Snickare -,,,Körkort B -,441770018421,,,,,
67,Snickare Style Bygg Land,Snickare -,,,Körkort B -,441770021301,,,,,
68,Snickare All Snickeri & Design ,Snickare -,,,Körkort B -,441770025699,,,,,
69,Snickare Dryft Sverige,Snickare -,,,Körkort B -,441770028766,,,,,
70,Snickare Bygg & BadrumsPartner,Snickare -,,,Körkort B -,441770031812,,,,,
71,Snickare RSH Bostad AB,Snickare -,,,Körkort B -,441770073674,,,,,
72,Snickare sökes ExpanderaMera Byggbemanning ,Snickare -,,,Körkort B -,441770076613,,,,,
73, Snickare Göteborg Bang & Nielsen AB ,Snickare -,,,Körkort B -,441770080316,,,,,
74,"självgående -, snickare A Partners AB",Snickare -,,,Körkort B -,441770083767,,,,,
75,Snickare sökes Montiga AB,Snickare -,,,Körkort B -,441770089401,,,,,
76,Snickare +40 GOveteran,Snickare -,,,Körkort B -,441770093300,,,,,
77,Snickare Träarbetare D & B Bygg AB ,Snickare -,,,Körkort B -,441770138235,,,,,
78,Snickare sökes Danderyds Konsult,Snickare -,,,Körkort B -,441770142307,,,,,
79,Snickare sökes! Hty Bygg,Snickare -,,,Körkort B -,441770145700,,,,,
80,Snickare bygg Lnkw Entreprenad,Snickare -,,,Körkort B -,441770149621,,,,,
81,Söker snickare Opazo Herrera Juan,Snickare -,,,Körkort B -,441770153316,,,,,
82,"Snickare sökes N L AB, Byggbolaget ",Snickare -,,,Körkort B -,441770156237,,,,,
83,Erfaren Snickare Stockholm GOveteran,Snickare -,,,Körkort B -,441770159492,,,,,
84,Snickare (Servissnickare) ,Snickare -,,,Körkort B -,441770162848,,,,,
85,Ecobygg söker snickare Ecobygh,Snickare -,,,Körkort B -,441770166496,,,,,
86,Snickare utan yrkesbevis,Snickare -,,,Körkort B -,441770170994,,,,,
87,Snickare Fiddes Bygg,Snickare -,,,Körkort B -,441770179107,,,,,
88,"självgående -, serviceinriktad snickare",Snickare -,,,Körkort B -,441770182001,,,,,
89,Snickare med erfarenhet,Snickare -,,,Körkort B -,441770186830,,,,,
90,Snickare till Malmöregionen,Snickare -,,,Körkort B -,441770192936,,,,,
91,Snickare i fjällen!,Snickare -,,,Körkort B -,441770196937,,,,,
92,Snickare sökes (65770),Snickare -,,,Körkort B -,441770200517,,,,,
93,Snickare / Carpenter,Snickare -,,,Körkort B -,441770203600,,,,,
94, TopWork söker duktiga snickare,Snickare -,,,Körkort B -,441770206656,,,,,
95,Snickare och Rivningsarbetare sökes,Snickare -,,,Körkort B -,441770212479,,,,,
96,Erfaren Träarbetare Snickare sökes,Snickare -,,,Körkort B -,441770218047,,,,,
97,Snickare till Byggpojken AB,Snickare -,,,Körkort B -,441770220510,,,,,
98,Snickare sökes i borås,Snickare -,,,Körkort B -,441770223080,,,,,
99,3 stycken snickare sökes,Snickare -,,,Körkort B -,441770233748,,,,,
100,Snickare sökes för omgående start!,Snickare -,,,Körkort B -,441770236741,,,,,
101,"Vi söker 2-3 självgående -, snickare",Snickare -,,,Körkort B -,441770239705,,,,,
102,Duktiga SNICKARE sökes till företaget,Snickare -,,,Körkort B -,441770242870,,,,,
103,"självgående -, snickare med erfarenhet sökes",Snickare -,,,Körkort B -,441770246088,,,,,
104,Göteborgs roligaste byggföretag söker snickare,Snickare -,,,Körkort B -,441770249800,,,,,
105,Snickare med ansvar och eget driv!,Snickare -,,,Körkort B -,441770252875,,,,,
106,Snickare som vill ha ny utmaning,Snickare -,,,Körkort B -,441770274995,,,,,
107,Yrkeskunniga snickare sökes till framtida uppdrag,Snickare -,,,Körkort B -,441770276736,,,,,
108,Vi söker seniora snickare i Partille,Snickare -,,,Körkort B -,441770281133,,,,,
109,Snickare för kommande behov,Snickare -,,,Körkort B -,441770284273,,,,,
110,Snickare till Klingsta Hus & Modul AB,Snickare -,,,,441770287071,,,,,
111,Tingsryds bostsäder söker Projektanställning snickare,Snickare -,,,Körkort B -,441770290210,,,,,
112,Göteborgs Skärgård som arbetsplats? Snickare för direktrekrytering sökes!,Snickare -,,,Körkort B -,441770293775,,,,,
113,Söker nu ytterligare två snickare till ett vårt goa gäng,Snickare -,,,Körkort B -,441770296937,,,,,
114,TopWork söker industrisnickare,Snickare -,,,Körkort B -,441770301122,,,,,
115,TopWork söker montör till träindustrin,Snickare -,,,Körkort B -,441770304201,,,,,
116,Servicesnickare till A-team!,Snickare -,,,Körkort B -,441770309155,,,,,
117,Vi söker trähusarbetare,Snickare -,,,Körkort B -,441770313369,,,,,
118,Fönsterrenoverare,Snickare -,,,Körkort B -,441770316484,,,,,
119,Träarbetare,Snickare -,,,Körkort B -,441770320534,,,,,
120,Grovsnickare /Segeltorp,Snickare -,,,Körkort B -,441770323797,,,,,
121,Grovsnickare/ Hägersten,Snickare -,,,Körkort B -,441770373494,,,,,
122,Produktionsmedarbetare till träindustri i Anneberg,Snickare -,,,Körkort B -,441770376769,,,,,
123,Vi söker fabrikssnickare,Snickare -,,,Körkort B -,441770381050,,,,,
124,Träarbetare sökes till kortare uppdrag i Örebro,Snickare -,,,Körkort B -,441770383779,,,,,
125,Snickare/träarbetare sökas,Snickare -,,,Körkort B -,441770386679,,,,,
126,Erfaren träarbetare,Snickare -,,,Körkort B -,441770390215,,,,,
127,Träarbetare sökes till uppdrag i hela Sverige,Snickare -,,,Körkort B -,441770395676,,,,,
128,Fönstörmontörer till Sthlm-Norrort,Snickare -,,,Körkort B -,441770398267,,,,,
129,Serviceinriktad och ansvarsfull hantverkare sökes!,Snickare -,,,Körkort B -,441770401488,,,,,
130,Snickare/BAS,Snickare -,,,Körkort B -,441770404017,,,,,
131,Vill du jobba som fabrikssnickare på Nock Massiva Trähus?,Snickare -,,,Körkort B -,441770407514,,,,,
132, Vill du jobba som fabrikssnickare på Nock Massiva Trähus?,Snickare -,,,Körkort B -,441770411076,,,,,
133,Duktig Servicesnickare - stabilt företag - Borås,Snickare -,,,Körkort B -,441770414392,,,,,
134,Servicesnickare direktrekrytering,Snickare -,,,Körkort B -,441770416830,,,,,
135,Bygnadsarbetare för Brandsäkring till Dawson,Snickare -,,,Körkort B -,441770420684,,,,,
136,Fönster arbete,Snickare -,,,Körkort B -,441770423008,,,,,
137,Produktion och Installation av PVC fönster,Snickare -,,,Körkort B -,441770426042,,,,,
138,Träarbetare sökes till uppdrag i Örebro,Snickare -,,,Körkort B -,441770428473,,,,,
139,Traktamente runt om i landet,Snickare -,,,Körkort B -,441770431443,,,,,
140,Kanalreparatör,Snickare -,,,Körkort B -,441770434458,,,,,
141,Erfaren Snickare/byggare sökes,Snickare -,,,Körkort B -,441770437154,,,,,
142,Trämontör till kund i Växjö,Snickare -,,,Körkort B -,441770440835,,,,,
143,Götenehus söker produktionspersonal,Snickare -,,,Körkort B -,441770443532,,,,,
144,Hansa Bygg söker snickare/träarbetare till byggservice,Snickare -,,,Körkort B -,441770448811,,,,,
145,Trähusarbetare,Snickare -,,,Körkort B -,441770451069,,,,,
146,Trähusarbetare,Snickare -,,,Körkort B -,441770453686,,,,,
147,Driven entreprenadsnickare till Höglandet,Snickare -,,,Körkort B -,441770457574,,,,,
148,Prefabsnickare,Snickare -,,,Körkort B -,441770460591,,,,,
149,Snickare/Fasad murare,Snickare -,,,Körkort B -,441770463606,,,,,
150,Snickare/ Byggstädare,Snickare -,,,Körkort B -,441770465752,,,,,
151,Butikssäljare till Träbiten Byggvaror,Snickare -,,,Körkort B -,441770468376,,,,,
152,Servicesnickare till växande byggföretag i norrort,Snickare -,,,Körkort B -,441770470809,,,,,
153,Sjuksköterska till Gotland,Sjuksköterska -,,,"Legitimerad -, Högskola -",441770479923,,,,,
154,Sjuksköterska Vårdcentralen Ellenbogen,Sjuksköterska -,,,"Legitimerad -, Högskola -, Körkort B -",441770482874,,,,,
155,"Sjuksköterska, Onkologmottagningen Falun",Sjuksköterska -,,,"Legitimerad -, Högskola -, Körkort B -",441770486107,,,,,
156,Sjuksköterska till Halmstad,Sjuksköterska -,,,"Legitimerad -, Högskola -, Körkort B -",441770489167,,,,,
157,"Sjuksköterska Kirurgmottagningen, Falun",Sjuksköterska -,,,"Legitimerad -, Högskola -, Körkort B -",441770494205,,,,,
158,Sjuksköterska till Kalmar,Sjuksköterska -,,,"Legitimerad -, Högskola -, Körkort B -",441770497286,,,,,
159,Sjuksköterska till Gotland,Sjuksköterska -,,,"Legitimerad -, Högskola -",441770500962,,,,,
160,Sjuksköterska till Kronoberg,Sjuksköterska -,,,"Körkort B -, Legitimerad -, Högskola -",441770505011,,,,,
161,Sjuksköterska till AVA/30C,Sjuksköterska -,,,"Legitimerad -, Högskola -, Körkort B -",441770513892,,,,,
162,Sjuksköterska till covidavdelning,Sjuksköterska -,,,"Legitimerad -, Högskola -, Körkort B -",441770517278,,,,,
163,Sjuksköterska till strokeavdelning,Sjuksköterska -,,,"Legitimerad -, Högskola -, Körkort B -",441770520596,,,,,
164,Sjuksköterska till akutmottagning,Sjuksköterska -,,,"Legitimerad -, Högskola -, Körkort B -",441770523478,,,,,
165,Sjuksköterska till Primärvårdsuppdrag,Sjuksköterska -,,,"Legitimerad -, Högskola -, Körkort B -",441770526841,,,,,
166,"Sjuksköterska, psykiatriska öppenvården",Sjuksköterska -,,,"Legitimerad -, Högskola -, Körkort B -",441770530850,,,,,
167,Sjuksköterska till kirurgavdelning,Sjuksköterska -,,,"Legitimerad -, Högskola -, Körkort B -",441770534330,,,,,
168,Sjuksköterska till Akutmottagningen,Sjuksköterska -,,,"Legitimerad -, Högskola -, Körkort B -",441770538289,,,,,
169,Sjuksköterska till resursen,Sjuksköterska -,,,"Legitimerad -, Högskola -, Körkort B -",441770540984,,,,,
170,Sjuksköterska - Psykiatri,Sjuksköterska -,,,"Legitimerad -, Högskola -, Körkort B -",441770544326,,,,,
171,Sjuksköterska till hemsjukvårdsenhet,Sjuksköterska -,,,"Legitimerad -, Högskola -, Körkort B -",441770548714,,,,,
172,Sjuksköterska till Barnkliniken,Sjuksköterska -,,,"Legitimerad -, Högskola -, Körkort B -",441770551790,,,,,
173,Sjuksköterska till Hemsjukvården,Sjuksköterska -,,,"Legitimerad -, Högskola -, Körkort B -",441770554704,,,,,
174,Sjuksköterska Sjukvårdens larmcentral,Sjuksköterska -,,,"Legitimerad -, Högskola -, Körkort B -",441770557578,,,,,
175,Sommarvikariat - Sjuksköterska,Sjuksköterska -,,,"Legitimerad -, Högskola -, Körkort B -",441770561557,,,,,
176,Sjuksköterska inom LSS,Sjuksköterska -,,,"Legitimerad -, Högskola -, Körkort B -",441770564489,,,,,
177,Distriktsjuksköterska/ Sjuksköterska ASIH,Sjuksköterska -,,,"Legitimerad -, Högskola -, Körkort B -",441770567721,,,,,
178,Sjuksköterska till Skövde,Sjuksköterska -,,,"Legitimerad -, Högskola -, Körkort B -",441770571136,,,,,
179,Sjuksköterska till hjärtavdelning,Sjuksköterska -,,,"Legitimerad -, Högskola -, Körkort B -",441770575074,,,,,
180,Sjuksköterska till Varberg,Sjuksköterska -,,,"Legitimerad -, Högskola -, Körkort CE -",441770578842,,,,,
181,Leg sjuksköterska Kattrumpstullen,Sjuksköterska -,,,"Legitimerad -, Högskola -, Körkort B -",441770582515,,,,,
182,Sjuksköterska till vårdcentral,Sjuksköterska -,,,"Legitimerad -, Högskola -, Körkort B -",441770590969,,,,,
183,Sjuksköterska till akutmottagningen,Sjuksköterska -,,,"Legitimerad -, Högskola -, Körkort B -",441770593952,,,,,
184,Sjuksköterska till Patienthotellet,Sjuksköterska -,,,Körkort B -,441770596955,,,,,
185,"Sjuksköterska, dialysavdelningen, Lycksele",Sjuksköterska -,,,"Legitimerad -, Högskola -, Körkort B -",441770600021,,,,,
186,Sjuksköterska till Värmland Dedicare AB,Sjuksköterska -,,,"Legitimerad -, Högskola -, Körkort B -",441770604132,,,,,
187,Sjuksköterska till akutvårdsavdelningen,Sjuksköterska -,,,"Legitimerad -, Högskola -, Körkort B -",441770606961,,,,,
188,Sjuksköterska till hemsjukvården,Sjuksköterska -,,,"Legitimerad -, Högskola -, Körkort B -",441770610741,,,,,
189,Sjuksköterska Psykiatrimottagning Malung,Sjuksköterska -,,,"Legitimerad -, Högskola -, Körkort B -",441770618551,,,,,
190,Sjuksköterska ASIH Södertälje,Sjuksköterska -,,,"Legitimerad -, Högskola -, Körkort B -",441770621669,,,,,
191,Sjuksköterska Dialysmottagning Bollnäs,Sjuksköterska -,,,"Legitimerad -, Högskola -, Körkort B -",441770625185,,,,,
192,sjuksköterska till socialpsykiatrin,Sjuksköterska -,,,"Legitimerad -, Högskola -, Körkort B -",441770628167,,,,,
193,Legitimerad sjuksköterska natt,Sjuksköterska -,,,"Legitimerad -, Högskola -, Körkort B -",441770632208,,,,,
194,Sjuksköterska till ortopedmottagningen,Sjuksköterska -,,,"Legitimerad -, Högskola -, Körkort B -",441770635848,,,,,
195,Sjuksköterska till neurologiavdelningen,Sjuksköterska -,,,"Legitimerad -, Högskola -, Körkort B -",441770639450,,,,,
196,Leg. Sjuksköterska natt,Sjuksköterska -,,,"Legitimerad -, Högskola -, Körkort B -",441770642326,,,,,
197,Sjuksköterska till dialysmottagningen,Sjuksköterska -,,,"Legitimerad -, Högskola -, Körkort B -",441770645277,,,,,
198,Sjuksköterska med nattjänstgöring,Sjuksköterska -,,,"Legitimerad -, Högskola -, Körkort B -",441770649627,,,,,
199,Jourhavande sjuksköterska joursjukvård,Sjuksköterska -,,,"Legitimerad -, Högskola -, Körkort B -",441770653369,,,,,
200,Sjuksköterska för specialuppdrag,Sjuksköterska -,,,"Legitimerad -, Högskola -, Körkort B -",441770656442,,,,,
201,Sjuksköterska till rehabavdelningen,Sjuksköterska -,,,"Legitimerad -, Högskola -, Körkort B -",441770659900,,,,,
202,Sjuksköterska till vårdavdelning!,Sjuksköterska -,,,"Legitimerad -, Högskola -, Körkort B -",441770664914,,,,,
203,Sjuksköterska till Hemsjukvården,Sjuksköterska -,,,"Legitimerad -, Högskola -, Körkort B -",441770671706,,,,,
204,Lastbilsförare,Lastbilsförare -,,,Körkort CE -,441770805471,,,,,
205,Åkeri söker lastbilsförare (CE),Lastbilsförare -,,,"Gymnasiet -, Körkort CE -",441770808139,,,,,
206,Lastbilsförare B och C körkort,Lastbilsförare -,,,"Gymnasiet -, Körkort CE -",441770811629,,,,,
207,Lastbilschaufför CE-behörighet till Transport och Fordon i Lund,Lastbilsförare -,,,Körkort CE -,441770814439,,,,,
208,Lastbilschaufför,Lastbilsförare -,,,Körkort CE -,441770817482,,,,,
209,Lastbilschaufför med CE-kort i Örebro,Lastbilsförare -,,,Körkort CE -,441770820658,,,,,
210,Direktsäljande lastbilschaufför,Lastbilsförare -,,,Körkort CE -,441770825970,,,,,
211,Lastbilschaufför - Kranväxlare,Lastbilsförare -,,,Körkort CE -,441770834483,,,,,
212,Lastbilschaufför sökes,Lastbilsförare -,,,Körkort CE -,441770837322,,,,,
213,Distributionschaufför Skellefteå,Lastbilsförare -,,,Körkort CE -,441770841203,,,,,
214,Lastbilschaufför med lagervana,Lastbilsförare -,,,Körkort CE -,441770844250,,,,,
215,Lastbilschaufför,Lastbilsförare -,,,Körkort CE -,441770847537,,,,,
216,Spolbilschaufförer sökes,Lastbilsförare -,,,Körkort CE -,441770850812,,,,,
217,Lastbilschaufför Lastväxlare,Lastbilsförare -,,,Körkort CE -,441770855216,,,,,
218,Kran/lastbilschaufför,Lastbilsförare -,,,Körkort CE -,441770859636,,,,,
219,Lasbilschaufför,Lastbilsförare -,,,Körkort CE -,441770862249,,,,,
220,Chaufför med CE-kort sökes!,Lastbilsförare -,,,Körkort CE -,441770869170,,,,,
221,Mångsidig Lastbilschaufför,Lastbilsförare -,,,Körkort CE -,441770871411,,,,,
222,Lastbilschaufför,Lastbilsförare -,,,Körkort CE -,441770936389,,,,,
223,Vi söker duktiga lastbilschaufför!,Lastbilsförare -,,,Körkort CE -,441770939279,,,,,
224,Vill du bli en lastbilschaufför? Nu har du chansen!,Lastbilsförare -,,,Körkort CE -,441770944072,,,,,
225,"Semestervikarierande busschaufförer, lastbilschaufförer och maskinförare",Lastbilsförare -,,,Körkort CE -,441770947588,,,,,
226,"Semestervikarierande busschaufförer, lastbilschaufförer och maskinförare",Lastbilsförare -,,,Körkort CE -,441770951283,,,,,
227,"Semestervikarierande busschaufförer, lastbilschaufförer och maskinförare",Lastbilsförare -,,,Körkort CE -,441770953779,,,,,
228,C Chaufför med YKB,Lastbilsförare -,,,Körkort CE -,441770957574,,,,,
229,Sökes C-Chaufför som önskar jobba som betongpumpmaskinist!,Lastbilsförare -,,,Körkort CE -,441770962522,,,,,
230,Fazer Bageri söker säljare till Umeå,Lastbilsförare -,,,Körkort CE -,441770965201,,,,,
231,Nu söker vi en driven C- chaufför till vår kund i Växjö,Lastbilsförare -,,,Körkort CE -,441770968753,,,,,
232,Distributionschaufför med C-KORT för omgående anställning i TRELLEBORG,Lastbilsförare -,,,Körkort CE -,441770974902,,,,,
233,"Utlastare / Chaufför natt CE-kort, Sundsvall",Lastbilsförare -,,,Körkort CE -,441770979570,,,,,
234,"Chaufför, 100%",Lastbilsförare -,,,Körkort CE -,441770985772,,,,,
235,Erfaren CE-Chaufför sökes för heltidstjänst i Härryda!,Lastbilsförare -,,,Körkort CE -,441770988808,,,,,
236,Lastväxlarchaufför i Stockholm,Lastbilsförare -,,,Körkort CE -,441770993560,,,,,
237,"Produktionsenhetsansvarig – Återvinningsmiljöer, kärl och rum.",Lastbilsförare -,,,Körkort CE -,441770997427,,,,,
238,"C-chaufför med truckkort sökes på deltid, Karlskoga",Lastbilsförare -,,,Körkort CE -,441771002193,,,,,
239,Lastväxlarchaufför till avfallstransporter,Lastbilsförare -,,,Körkort CE -,441771005413,,,,,
240,CE-korts chaufför natt,Lastbilsförare -,,,Körkort CE -,441771009008,,,,,
241,Serviceinriktad renhållningschaufför med c-kort,Lastbilsförare -,,,Körkort CE -,441771012700,,,,,
242,Serviceinriktad renhållningschaufför med c-kort,Lastbilsförare -,,,Körkort CE -,441771025586,,,,,
243,CE-chaufförer sökes för start omgående,Lastbilsförare -,,,Körkort CE -,441771031587,,,,,
244,Polfärskt Örebro söker säljande distributör,Lastbilsförare -,,,Körkort CE -,441771033811,,,,,
245,Chaufför med C-behörighet + YKB,Lastbilsförare -,,,Körkort CE -,441771036883,,,,,
246,Kranbilschaufför/Bärgare,Lastbilsförare -,,,Körkort CE -,441771040576,,,,,
247,C-Chaufförer på deltid till Thomas Betong,Lastbilsförare -,,,Körkort CE -,441771043713,,,,,
248,Chaufför biltransport CE kort,Lastbilsförare -,,,Körkort CE -,441771046313,,,,,
249,Erfaren säljare med C-kort till Trollhättan,Lastbilsförare -,,,Körkort CE -,441771048967,,,,,
250,Erfaren säljare med C-kort till Uddevalla,Lastbilsförare -,,,Körkort CE -,441771053764,,,,,
251,Distributionschaufför - C och CE-behörighet,Lastbilsförare -,,,Körkort CE -,441771058350,,,,,
252,Claessons Transport AB söker erfarna CE-chaufförer!,Lastbilsförare -,,,Körkort CE -,441771060580,,,,,
253,Erfaren CE-sjåfør søkes til langsiktig oppdrag i Tromsø!,Lastbilsförare -,,,Körkort CE -,441771064041,,,,,
254,TopWork söker C-chaufför...,Lastbilsförare -,,,Körkort CE -,441771067219,,,,,
255,Betongbilschaufför,Lastbilsförare -,,,Körkort CE -,441771070076,,,,,
256,Ser du etter en ekstrajobb som distribusjonssjåfør?,Lastbilsförare -,,,Körkort CE -,441771073041,,,,,
257,Sökes C-Chaufför som önskar jobba som betongpumpmaskinist!,Lastbilsförare -,,,Körkort CE -,441771081230,,,,,
258,Dragbil chaufför,Lastbilsförare -,,,Körkort CE -,441771086766,,,,,
259,Biltransportör Jönköping,Lastbilsförare -,,,Körkort CE -,441771088687,,,,,
260,CE chaufför i Västerås,Lastbilsförare -,,,Körkort CE -,441771093886,,,,,
261,CE Chaufför (daglots) sökes i Eskilstuna omgående,Lastbilsförare -,,,Körkort CE -,441771097022,,,,,
262,Lastväxlare / Schaktbil med beredskap C e,Lastbilsförare -,,,Körkort CE -,441771099397,,,,,
263,Transportarbetare sökes till Karlskoga,Lastbilsförare -,,,Körkort CE -,441771102009,,,,,
264,Personal inom Flytt och Transport - Uppsala,Lastbilsförare -,,,Körkort CE -,441771104684,,,,,
265,Återvinningschaufför i Stockholm för jobb över jul och nyår!,Lastbilsförare -,,,Körkort CE -,441771107809,,,,,
266,Chaufförer 2 st,Lastbilsförare -,,,Körkort CE -,441771110355,,,,,
267,Chaufför till Idrott och Arbetsmarknadsservice,Lastbilsförare -,,,Körkort CE -,441771112874,,,,,
268,Kranbilschaufför,Lastbilsförare -,,,Körkort CE -,441771115868,,,,,
269,CE förare sökes!,Lastbilsförare -,,,Körkort CE -,441771119201,,,,,
270,Chaufför extra/deltid med C-kort,Lastbilsförare -,,,Körkort CE -,441771121867,,,,,
271,"C-korts chaufför , Flytt och möbelmontering",Lastbilsförare -,,,Körkort CE -,441771125145,,,,,
272,Schaktbil Förare,Lastbilsförare -,,,Körkort CE -,441771128349,,,,,
273,Chaufförer sökes i Umeåområdet,Lastbilsförare -,,,Körkort CE -,441771130735,,,,,
274,C-kort chaufför för olika uppdrag,Lastbilsförare -,,,Körkort CE -,441771133696,,,,,
275,Tillsvidareanställd säljande distributör Pågen Luleå,Lastbilsförare -,,,Körkort CE -,441771136811,,,,,
276,Chaufför med c-kort.,Lastbilsförare -,,,Körkort CE -,441771140221,,,,,
277,Torrsugschaufförer sökes,Lastbilsförare -,,,Körkort CE -,441771143090,,,,,
278,C-korts chaufför sökes till Rosersberg,Lastbilsförare -,,,Körkort CE -,441771146287,,,,,
279,C/CE Chaufför sökes,Lastbilsförare -,,,Körkort CE -,441771149058,,,,,
280,Säljande distributör till [Norra Stockholm],Lastbilsförare -,,,Körkort CE -,441771152249,,,,,
281,Säljande distributör till [Norra Stockholm],Lastbilsförare -,,,Körkort CE -,441771155326,,,,,
282,"C-kortschaufför, Upplands Väsby",Lastbilsförare -,,,Körkort CE -,441771157750,,,,,
283,Fjärrchaufför - Jönköping,Lastbilsförare -,,,Körkort CE -,441771161063,,,,,
284,Spolbilsförare,Lastbilsförare -,,,Körkort CE -,441771164942,,,,,
285,Vinsta Åkeri söker förare,Lastbilsförare -,,,Körkort CE -,441771170599,,,,,
286,Uppdrag för C-kort chaufförer,Lastbilsförare -,,,Körkort CE -,441771173453,,,,,
287,Norrland Express söker CE chaufför,Lastbilsförare -,,,Körkort CE -,441771177430,,,,,
288,Förare till slam/spolbil,Lastbilsförare -,,,Körkort CE -,441771180180,,,,,
289,Chaufför - Helsingborg/Ängelholm,Lastbilsförare -,,,Körkort CE -,441771183886,,,,,
290,CE Chauffor med YKB,Lastbilsförare -,,,Körkort CE -,441771186731,,,,,
291,Bilbärgare,Lastbilsförare -,,,Körkort CE -,441771191312,,,,,
292,Chafför mellan Spanien och Stockholm CE,Lastbilsförare -,,,Körkort CE -,441771194766,,,,,
293,CE chaufförer,Lastbilsförare -,,,Körkort CE -,441771197269,,,,,
294,CE-Chaufför distribution,Lastbilsförare -,,,Körkort CE -,441771199495,,,,,
295,Vi söker spolbilstekniker och torrsugschaufför till NHS!,Lastbilsförare -,,,Körkort CE -,441771202960,,,,,
296,Lastväxlarförare,Lastbilsförare -,,,Körkort CE -,441771208428,,,,,
297,Tankbilschaufför,Lastbilsförare -,,,Körkort CE -,441771212854,,,,,
298,CE-chaufförer sökes för långsiktigt uppdrag!,Lastbilsförare -,,,Körkort CE -,441771215372,,,,,
299,Distributionsförare med CE-körkort sökes!,Lastbilsförare -,,,Körkort CE -,441771218450,,,,,
300,Duktig CE-chaufför sökes!,Lastbilsförare -,,,Körkort CE -,441771223444,,,,,
301,CE-chaufför Gävle,Lastbilsförare -,,,Körkort CE -,441771226209,,,,,
302,C/CE-chaufförer för olika uppdrag i Stockholm,Lastbilsförare -,,,Körkort CE -,441771228781,,,,,
303,Vi söker C-chaufförer med tillgång till Lastbil/Flak för kortare uppdrag.,Lastbilsförare -,,,Körkort CE -,441771232472,,,,,
304,CE chaufför Stockholm,Lastbilsförare -,,,Körkort CE -,441771234839,,,,,
305,Chaufför sökes till Skövde,Lastbilsförare -,,,Körkort CE -,441771237381,,,,,
306,Chaufför sökes till Skövde,Lastbilsförare -,,,Körkort CE -,441771372109,,,,,
307,Operatör,Operatör -,,,Körkort CE -,441771378964,,,,,
308,Maskinsnickare med inriktning Trä,Operatör -,,,Gymnasiet -,441771383617,,,,,
309,Maskinoperatör/truckförare sökes till företag i Ryd!,Operatör -,,,Gymnasiet -,441771386944,,,,,
310,Maskinsnickare,Operatör -,,,Gymnasiet -,441771390628,,,,,
311,Snickare/ montör,Operatör -,,,"Gymnasiet -, Körkort B -",441771394599,,,,,
312,Operatör,Operatör -,,,Körkort B -,441771399304,,,,,
313,CNC Operatör,Operatör -,,,Körkort B -,441771404284,,,,,
314,Produktionsansvarig operatör,Operatör -,,,"Gymnasiet -, Körkort B -",441771411552,,,,,
315,Operatör i Mullsjö,Operatör -,,,"Gymnasiet -, Körkort B -",441771500085,,,,,
316,CNC operatör längdsvarvning,Operatör -,,,Körkort B -,441773980876,,,,,
317,CNC operatör / Maskinarbetare,Operatör -,,,"Gymnasiet -, Körkort B -",441773983584,,,,,
318,Nitator söker Operatör till Måleriet,Operatör -,,,Körkort B -,441773986291,,,,,
319,CNC operatör för kommande uppdrag,Operatör -,,,Gymnasiet -,441773989296,,,,,
320,"Operatör, maskinell brodyr till Swedol-TOOLS",Operatör -,,,Körkort B -,441773992236,,,,,
321,CNC operatör svarvning Traub TNX/TNC,Operatör -,,,Körkort B -,441773995092,,,,,
322,Operatör till Talent Plastics Laxå AB,Operatör -,,,"Gymnasiet -, Körkort B -",441773998629,,,,,
323,Operatör sökes till uppdrag i Södertälje,Operatör -,,,"Gymnasiet -, Körkort B -",441774004912,,,,,
324,Operatör till varmförzinkningen på Smekab Citylife,Operatör -,,,Körkort B -,441774009159,,,,,
325,CNC operatör för uppdrag hos kund,Operatör -,,,Körkort B -,441774012192,,,,,
326,Operatör till SNA Europe i Lidköping,Operatör -,,,"Gymnasiet -, Körkort B -",441774015136,,,,,
327,CNC operatör inom skärning till LKAB Mekaniska,Operatör -,,,"Gymnasiet -, Körkort B -",441774284944,,,,,
328,Operatör inom formsprutning - Norr om Ängelholm,Operatör -,,,"Gymnasiet -, Körkort B -",441774289327,,,,,
329,Svenska Retursystem AB Örebro söker Operatör Leverans,Operatör -,,,Körkort B -,441774291958,,,,,
330,CNC Operatör / Svarvare sökes till modern maskinpark!,Operatör -,,,Körkort B -,441774294753,,,,,
331,Ledigt jobb som operatör på färgfabrik i Arlöv,Operatör -,,,Körkort B -,441774297377,,,,,
332,Driftig operatör för utomhusarbete till kund ,Operatör -,,,Körkort B -,441774302012,,,,,
333,CNC LEGO SANDVIKEN söker en erfaren CNC progammerare,Operatör -,,,Körkort B -,441774304418,,,,,
334,Vill du jobba som operatör med inriktning robotcell?,Operatör -,,,Körkort B -,441774307188,,,,,
335,Operatör till Servicecenter för MTR Facility Management Dag och Natt,Operatör -,,,Körkort CE -,441774309781,,,,,
336,På uppdrag av vår kund Exeger söker vi nu en screenprintare!,Operatör -,,,Körkort B -,441774312108,,,,,
337,TopWork söker hyveloperatör,Operatör -,,,Körkort B -,441774316231,,,,,
338,Erfaren Maskinoperatör,Operatör -,,,Körkort B -,441774319620,,,,,
339,Vi söker operatörer i Åtvidaberg,Operatör -,,,Körkort B -,441774322983,,,,,
340,CNC-Operatör - Mönsterås - En tjänst med inslag av trä!,Operatör -,,,Körkort B -,441774325971,,,,,
341,Maskinoperatör till Jönköping,Operatör -,,,Körkort B -,441774328371,,,,,
342,Hyveloperatör till Bergnäset,Operatör -,,,Körkort B -,441774331083,,,,,
343,SSAB - Underhållsoperatörer verkstadsmaskiner till SSABs centrala verkstad,Operatör -,,,Körkort B -,441774334128,,,,,
344,Erfaren montör till Stig Wahlströms hydraulik.,Operatör -,,,Körkort B -,441774336523,,,,,
345,Nitator söker Operatörer till Monteringen,Operatör -,,,Körkort B -,441774338946,,,,,
346,Operatörer till Polisens kontaktcenter (PKC) i Luleå och ,Operatör -,,,Körkort B -,441774341851,,,,,
347,CNC-Operatörer/fräsning,Operatör -,,,Körkort B -,441774344896,,,,,
348,Maskinoperatörer,Operatör -,,,Körkort B -,441774346892,,,,,
349,Kvalificerad CNC-Operatör sökes!,Operatör -,,,Körkort B -,441774348925,,,,,
350,Vi söker en teknisk processoperatör!,Operatör -,,,Körkort B -,441774354130,,,,,
351,2 operatörer sökes till Falck Räddningskår AB,Operatör -,,,Körkort B -,441774362069,,,,,
352,På uppdrag av vår kund Exeger söker vi nu maskinoperatörer!,Operatör -,,,Körkort B -,441774364004,,,,,
353,Maskinoperatörer till Finspång,Operatör -,,,Körkort B -,441774366016,,,,,
354,Montör,Operatör -,,,"Gymnasiet -, Körkort B -",441774368485,,,,,
355,Uniflex söker Operatörer till Nammo Sweden i Karlsborg,Operatör -,,,"Gymnasiet -, Körkort B -",441774370755,,,,,
356,Process operatörer till Flexotryckpress,Operatör -,,,Körkort B -,441774372927,,,,,
357,Erfaren operatör/ställare till expanderande produktion i Hörby,Operatör -,,,Körkort B -,441774375480,,,,,
358,Fordonsmontör till Adient,Operatör -,,,Körkort B -,441774378630,,,,,
359,Fordonsmontör till AdientOk,Operatör -,,,Körkort B -,441774383630,,,,,
360,Montör/Operatör till Plasman i Göteborg,Operatör -,,,Körkort B -,441774386267,,,,,
361,Sommarjobba på Bollsta sågverk 2021,Operatör -,,,Körkort B -,441774388344,,,,,
362,Sågverksoperatör till Setra Hasselfors,Operatör -,,,Körkort B -,441774391042,,,,,
363,Vi söker Operatörer,Operatör -,,,"Gymnasiet -, Körkort B -",441774393785,,,,,
364,Träindustriarbetare till Derome Husproduktion i Väröbacka,Operatör -,,,"Gymnasiet -, Körkort B -",441774396516,,,,,
365,Produktionspersonal Höganäs Sweden AB,Operatör -,,,"Gymnasiet -, Körkort B -",441774401476,,,,,
366,Maskinoperatör norr om Ängelholm,Operatör -,,,"Gymnasiet -, Körkort B -",441774404855,,,,,
367,Montör,Operatör -,,,Körkort B -,441774407303,,,,,
368,SEMESTERVIKARIERANDE BERGARBETARE,Operatör -,,,Körkort B -,441774409616,,,,,
369,Erfaren CNC fräsare för trä,Operatör -,,,Körkort B -,441774411774,,,,,
370,Maskinoperatörer sökes till Norrköping.,Operatör -,,,"Gymnasiet -, Körkort CE -",441774414880,,,,,
371,Maskinoperatörer sökes till Finspång,Operatör -,,,Körkort B -,441774416959,,,,,
372,Semestervikarierande Bergarbetare,Operatör -,,,Körkort B -,441774419103,,,,,
373,Funktionsansvarig till Säkerhetsenheten,Operatör -,,,"Gymnasiet -, Körkort B -",441774421122,,,,,
374,Vi söker en Kantbockare,Operatör -,,,"Körkort CE -, Körkort B -",441774423219,,,,,
375,"Vi söker svarvare, manuell",Operatör -,,,Körkort B -,441774425711,,,,,
376,Är du vår nya CNC Operatör?,Operatör -,,,Körkort B -,441774427828,,,,,
377,Industriarbetare för framtida uppdrag i GGVV-regionen,Operatör -,,,Körkort B -,441774430120,,,,,
378,CNC operatörer,Operatör -,,,Gymnasiet -,441774432459,,,,,
379,NOC extrajobb kväll/natt/helg,Operatör -,,,Körkort B -,441774434947,,,,,
380,Operatörer sökes till läkemedelsföretag i Södertälje,Operatör -,,,Gymnasiet -,441774437037,,,,,
381,Signaloperatör vid Särskilda sambandsenheten SSE,Operatör -,,,Gymnasiet -,441774439319,,,,,
382,NORRBOTTENS BÄSTA CNC-OPERATÖR SÖKES,Operatör -,,,Gymnasiet -,441774442816,,,,,
383,Just nu söker vi CNC operatörer/svarvare till kund i Kungsör,Operatör -,,,"Gymnasiet -, Körkort B -",441774445548,,,,,
384,CNC Servicetekniker-Jönköping,Operatör -,,,"Gymnasiet -, Körkort B -",441774448354,,,,,
385,CNC Servicetekniker,Operatör -,,,Körkort B -,441774456672,,,,,
386,CNC Servicetekniker-Värnamo,Operatör -,,,Körkort B -,441774459506,,,,,
387,Förare/Operatör till Infranord,Operatör -,,,Gymnasiet -,441774461640,,,,,
388,Teknisk operatör vid Sektionen för operativ teknik,Operatör -,,,Gymnasiet -,441774464598,,,,,
389,Maskinsnickare med inriktning,Operatör -,,,Gymnasiet -,441774468456,,,,,
390,Maskinoperatör/truckförare sökes,Operatör -,,,"Gymnasiet -, Körkort B -",441774471665,,,,,
391,Extrajobb som maskinoperatör,Operatör -,,,Gymnasiet -,441774473929,,,,,
392,Maskinsnickare,Operatör -,,,Gymnasiet -,441774477093,,,,,
393,Snickare/ montör,Operatör -,,,Gymnasiet -,441774479216,,,,,
394,Operatör,Operatör -,,,Gymnasiet -,441774481736,,,,,
395,Operatör,Operatör -,,,Gymnasiet -,441774484197,,,,,
396,CNC Operatör,Operatör -,,,Gymnasiet -,441774486972,,,,,
397,Operatör Behovsanställning,Operatör -,,,Gymnasiet -,441774489160,,,,,
398,Erfaren operatör,Operatör -,,,Gymnasiet -,441774491616,,,,,
399,Produktionsansvarig operatör,Operatör -,,,Gymnasiet -,441774494008,,,,,
400,Operatör till säkerhetsenheten,Operatör -,,,Gymnasiet -,441774497223,,,,,
401,Operatör till säkerhetsenheten,Operatör -,,,"Gymnasiet -, Körkort B -",441774502991,,,,,
402,Tekniskt intresserad operatör,Operatör -,,,"Gymnasiet -, Körkort B -",441774506437,,,,,
403,Operatör i Mullsjö,Operatör -,,,Gymnasiet -,441774509956,,,,,
404,Ställare / Operatör,Operatör -,,,Körkort B -,441774512715,,,,,
405,CNC operatör längdsvarvning,Operatör -,,,Gymnasiet -,441774515336,,,,,
406,CNC operatör / Maskinarbetare,Operatör -,,,"Gymnasiet -, Körkort B -",441774517831,,,,,
407,Läkare Närhälsan Gråbo vårdcentral,Läkare -,,,"Legitimerad -, Högskola -, Körkort B -",441774525114,,,,,
408,Legitimerad Läkare,Läkare -,,,"Legitimerad -, Högskola -, Körkort B -",441774528099,,,,,
409,Läkare Allmänmedicin,Läkare -,,,"Legitimerad -, Högskola -",441774532712,,,,,
410,Leg. Läkare Vårdcentral Hjärtat i Helsingborg ,Läkare -,,,"Legitimerad -, Högskola -",441774535951,,,,,
411,Legitimerad Läkare SKHLM Vårdcentral AB,Läkare -,,,"Legitimerad -, Högskola -",441774539008,,,,,
412,Legitimerad läkare,Läkare -,,,"Legitimerad -, Högskola -",441774541621,,,,,
413,Legitimerad läkare Region Uppsala,Läkare -,,,"Legitimerad -, Högskola -",441774544139,,,,,
414,Läkare akutsjukvård Region Uppsala,Läkare -,,,"Legitimerad -, Högskola -",441774547280,,,,,
415,Läkare och Specialistläkare OMSORG & BEHANDLING,Läkare -,,,"Legitimerad -, Högskola -",441774550030,,,,,
416,Läkare och Specialistläkare,Läkare -,,,"Legitimerad -, Högskola -",441774561400,,,,,
417,Läkare och Specialistläkare,Läkare -,,,"Legitimerad -, Högskola -",441774566891,,,,,
418,Läkare och Specialistläkare OMSORG & BEHANDLING,Läkare -,,,"Legitimerad -, Högskola -",441774575009,,,,,
419,Läkare och Specialistläkare OMSORG & BEHANDLING,Läkare -,,,"Legitimerad -, Högskola -, Körkort B -",441774602549,,,,,
420,Läkare och Specialistläkare OMSORG & BEHANDLING - Hofors,Läkare -,,,"Legitimerad -, Högskola -",441774606983,,,,,
421,Läkare och Specialistläkare OMSORG & BEHANDLING Bollnäs,Läkare -,,,"Legitimerad -, Högskola -",441774610852,,,,,
422,Läkare och Specialistläkare OMSORG & BEHANDLING - Åmål,Läkare -,,,"Legitimerad -, Högskola -",441774614308,,,,,
423,Läkare och Specialistläkare OMSORG & BEHANDLING - Vänersborg,Läkare -,,,"Legitimerad -, Högskola -",441774617127,,,,,
424,Läkare och Specialistläkare OMSORG & BEHANDLING - Vårgårda,Läkare -,,,"Legitimerad -, Högskola -",441774620614,,,,,
425,Läkare och Specialistläkare OMSORG & BEHANDLING - Vara,Läkare -,,,"Legitimerad -, Högskola -",441774623073,,,,,
426,Läkare och Specialistläkare OMSORG & BEHANDLING - Uddevalla,Läkare -,,,"Legitimerad -, Högskola -",441774625526,,,,,
427,Läkare och Specialistläkare OMSORG & BEHANDLING - Töreboda,Läkare -,,,"Legitimerad -, Högskola -",441774631982,,,,,
428,Läkare och Specialistläkare OMSORG & BEHANDLING - Tranemo,Läkare -,,,"Legitimerad -, Högskola -",441774634637,,,,,
429,Läkare och Specialistläkare,Läkare -,,,"Legitimerad -, Högskola -",441774638394,,,,,
430,Läkare och Specialistläkare OMSORG & BEHANDLING - Tibro,Läkare -,,,"Legitimerad -, Högskola -",441774641055,,,,,
431,Läkare och Specialistläkare OMSORG & BEHANDLING - Strömstad,Läkare -,,,"Legitimerad -, Högskola -",441774644022,,,,,
432,Läkare och Specialistläkare OMSORG & BEHANDLING - Forshaga,Läkare -,,,"Legitimerad -, Högskola -",441774649307,,,,,
433,Läkare och Specialistläkare OMSORG & BEHANDLING - Stockholm,Läkare -,,,Legitimerad -,441774652552,,,,,
434,Läkare och Specialistläkare OMSORG & BEHANDLING - Sollentuna,Läkare -,,,"Legitimerad -, Högskola -, Körkort B -",441774655737,,,,,
435,Leg läkare och sjuksköterska ARKADENS LÄKARMOTTAGNING ,Läkare -,,,"Legitimerad -, Högskola -, Körkort B -",441774659463,,,,,
436,"Läkare till Vårdcentralen Degeberga Region Skåne, Primärvården",Läkare -,,,"Legitimerad -, Högskola -",441774662989,,,,,
437,"Läkare till Södersjukhuset, spontanansökan Södersjukhuset SÖS - Stockholm",Läkare -,,,"Legitimerad -, Högskola -",441774666164,,,,,
438,Legitimerad läkare till Sölvesborgs vårdcentral Region Blekinge,Läkare -,,,"Legitimerad -, Högskola -",441774669778,,,,,
439,Läkare till primärvården inom Stockholm Medcura AB,Läkare -,,,"Legitimerad -, Högskola -",441774672644,,,,,
440,Leg. Läkare sökes till bemanningsuppdrag,Läkare -,,,"Legitimerad -, Högskola -, Körkort B -",441774675552,,,,,
441,Leg. Läkare sökes till bemanningsuppdrag,Läkare -,,,"Legitimerad -, Högskola -, Körkort B -",441774678532,,,,,
442,Leg. Läkare sökes till bemanningsuppdrag Viva Bemanning - Anderstorp,Läkare -,,,"Legitimerad -, Högskola -",441774681357,,,,,
443,Leg. Läkare sökes till bemanningsuppdrag Viva Bemanning - Arjeplog,Läkare -,,,"Legitimerad -, Högskola -, Körkort B -",441774684466,,,,,
444,Leg. Läkare sökes till bemanningsuppdrag Viva Bemanning - Arvika,Läkare -,,,"Legitimerad -, Högskola -, Körkort B -",441774687384,,,,,
445,Leg. Läkare sökes till bemanningsuppdrag Viva Bemanning - Askersund ,Läkare -,,,"Legitimerad -, Högskola -",441774689842,,,,,
446,Leg. Läkare sökes till bemanningsuppdrag Viva Bemanning ,Läkare -,,,"Legitimerad -, Högskola -, Körkort CE -",441774692725,,,,,
447,Leg. Läkare sökes till bemanningsuppdrag Viva Bemanning - Borlänge ,Läkare -,,,"Legitimerad -, Högskola -, Körkort B -",441774696535,,,,,
448,Leg. Läkare sökes till bemanningsuppdrag Viva Bemanning - Bäckefors,Läkare -,,,"Legitimerad -, Högskola -",441774699521,,,,,
449,Leg. Läkare sökes till bemanningsuppdrag Viva Bemanning - Båstad,Läkare -,,,"Legitimerad -, Högskola -",441774702602,,,,,
450,Leg. Läkare sökes till bemanningsuppdrag Viva Bemanning - Degerfors ,Läkare -,,,"Legitimerad -, Högskola -, Körkort B -",441774706563,,,,,
451,Leg. Läkare sökes till bemanningsuppdrag,Läkare -,,,"Legitimerad -, Högskola -",441774710197,,,,,
452,Leg. Läkare sökes till bemanningsuppdrag,Läkare -,,,"Legitimerad -, Högskola -, Körkort B -",441774720568,,,,,
453,Leg. Läkare sökes till bemanningsuppdrag,Läkare -,,,"Legitimerad -, Högskola -",441774729506,,,,,
454,Leg. Läkare till Järna Vårdcentral,Läkare -,,,"Legitimerad -, Högskola -",441774733410,,,,,
455,Leg. Läkare till Järna Vårdcentral Lideta Hälsovård ,Läkare -,,,"Legitimerad -, Högskola -, Körkort B -",441774736049,,,,,
456,Leg. Läkare till Järna Vårdcentral Lideta Hälsovård ,Läkare -,,,"Legitimerad -, Högskola -, Körkort B -",441774739005,,,,,
457,Halmstad: Legitimerad Läkare till Tudorkliniken,Läkare -,,,"Legitimerad -, Högskola -",441774741636,,,,,
458,Leg. Läkare till Järna Vårdcentral,Läkare -,,,"Legitimerad -, Högskola -",441774745511,,,,,
459,Legitimerade läkare Särskilt boende,Läkare -,,,"Legitimerad -, Högskola -",441774747514,,,,,
460,Läkare med specialitet inom anestesi/intensivvård,Läkare -,,,"Legitimerad -, Högskola -, Körkort B -",441774750100,,,,,
461,Leg. Läkare till Hofors Din hälsocentral,Läkare -,,,"Legitimerad -, Körkort CE -, Körkort B -",441774753001,,,,,
462,Leg. läkare till Solna Centrums vårdcentral,Läkare -,,,"Legitimerad -, Högskola -",441774756298,,,,,
463,"Legitimerad läkare till Vårdcentralen Kolla, Kungsbacka",Läkare -,,,"Legitimerad -, Högskola -",441774759162,,,,,
464,Läkare till specialiserad palliativ vård Ludvika/Smedjebacken,Läkare -,,,"Legitimerad -, Högskola -",441774762451,,,,,
465,Legitimerad läkare sökes för spännande uppdrag,Läkare -,,,"Legitimerad -, Högskola -",441774765141,,,,,
466,Legitimerad läkare till Solljungahälsan i Örkelljunga,Läkare -,,,"Legitimerad -, Högskola -",441774768387,,,,,
467,Extra personal - Läkare till smittspårningsenheten,Läkare -,,,"Legitimerad -, Högskola -",441774771489,,,,,
468,Läkare sökes till enhet för smärtrehabilitering,Läkare -,,,"Legitimerad -, Högskola -",441774774300,,,,,
469,Leg läkare till Previa i Göteborg Hisingen,Läkare -,,,"Legitimerad -, Högskola -",441774777297,,,,,
470,Husläkarmottagning i Täby Centrum söker Leg. Läkare,Läkare -,,,"Legitimerad -, Högskola -",441774781024,,,,,
471,"Läkare, vikariat, till Vårdcentralen Vänhem i Hässleholm",Läkare -,,,"Legitimerad -, Högskola -",441774783795,,,,,
472,Legitimerad läkare inför ST till Skärholmens vårdcentral,Läkare -,,,"Legitimerad -, Högskola -",441774786866,,,,,
473,5 Husläkare i Sollentuna söker legitimerad läkare,Läkare -,,,"Legitimerad -, Högskola -",441774789265,,,,,
474,Provtjänstgöring för läkare med examen utanför EU/EES,Läkare -,,,"Legitimerad -, Högskola -",441774798930,,,,,
475,Legitimerad Läkare sökes för öppning ny Vårdcentral Eskilstuna,Läkare -,,,"Legitimerad -, Högskola -",441774801712,,,,,
476,Legitimerad läkare till en vårdcentral i västar Stockholm!,Läkare -,,,"Legitimerad -, Högskola -",441774805623,,,,,
477,Vi söker leg. läkare till ASIH Familjeläkarna Hammarbyhöjden,Läkare -,,,"Legitimerad -, Högskola -",441774809367,,,,,
478,Leg. läkare sökes till Krys nyöppnade vårdcentral i Malmö,Läkare -,,,"Legitimerad -, Högskola -",441774813190,,,,,
479,Leg. läkare sökes till Krys nyöppnade vårdcentral i Malmö,Läkare -,,,"Legitimerad -, Högskola -",441774816259,,,,,
480,Leg. Läkare & allmänspecialister sökes till kombinerad tjänst på Doktor,Läkare -,,,"Gymnasiet -, Körkort CE -",441774820726,,,,,
481,Leg. Läkare sökes till KRYs vårdcentraler i Stockholm samt för kvälls,Läkare -,,,"Legitimerad -, Högskola -",441774825788,,,,,
482,Specialistläkare inom kirurgi sökes till välbetalda uppdrag,Läkare -,,,"Legitimerad -, Högskola -",441774829984,,,,,
483,Specialist i allmänmedicin till Vårdcentralen Borensberg,Läkare -,,,"Legitimerad -, Högskola -",441774833068,,,,,
484,Vikariat underläkare till Ögonmottagningen Hudiksvall,Läkare -,,,"Legitimerad -, Högskola -",441774835942,,,,,
485,"Psykiatriker och delägare, Falun",Läkare -,,,"Legitimerad -, Högskola -, Körkort B -",441774839570,,,,,
486,Underläkare (vikariat) till Achima Care Eskilstuna vårdcentral,Läkare -,,,"Legitimerad -, Högskola -",441774842785,,,,,
487,Underläkare sökes till kombination av primärvård och digitala tjänster,Läkare -,,,"Legitimerad -, Högskola -",441774850114,,,,,
488,Skolläkare till Kunskapsförvaltningen,Läkare -,,,"Legitimerad -, Högskola -",441774852598,,,,,
489,"Underläkare, Kvinnokliniken",Läkare -,,,"Legitimerad -, Högskola -",441774855409,,,,,
490,"HTA-ansvariga, Centrum för klinisk forskning",Läkare -,,,"Legitimerad -, Högskola -",441774858135,,,,,
491,Legitimerad läkare/underläkare sökes till Råsunda vårdcentral,Läkare -,,,"Legitimerad -, Högskola -",441774861352,,,,,
492,Barnläkare till Barn- och Ungdomskliniken i Gävle,Läkare -,,,"Legitimerad -, Högskola -",441774864416,,,,,
493,Sem vik läkarassistent till VC Ludvika-Grängesberg,Läkare -,,,"Legitimerad -, Högskola -",441774867167,,,,,
494,Vi söker underläkare till slutenvården!,Läkare -,,,"Legitimerad -, Högskola -",441774870762,,,,,
495,Specialistläkare i vuxenpsykiatri med inriktning mot ADHD,Läkare -,,,"Legitimerad -, Högskola -",441774873273,,,,,
496,"Läkarassistent, Skaraborgs Sjukhus Lidköping",Läkare -,,,"Legitimerad -, Högskola -",441774876807,,,,,
497,"Läkarassistent, Skaraborgs Sjukhus Skövde",Läkare -,,,"Legitimerad -, Högskola -",441774879415,,,,,
498,Psykiatriker till bemanninguppdrag med hög ersättning,Läkare -,,,"Legitimerad -, Högskola -",441774882878,,,,,
499,Specialistläkare/ ST-läkare,Läkare -,,,"Legitimerad -, Högskola -, Körkort B -",441774885961,,,,,
500,Specialistläkare/överläkare till ÄlSa-team Sollefteå,Läkare -,,,"Legitimerad -, Högskola -",441774888291,,,,,
501,Distriktsläkare,Läkare -,,,"Legitimerad -, Högskola -",441774890896,,,,,
502,"Underläkare, ögonsjukvården",Läkare -,,,"Legitimerad -, Högskola -",441774893243,,,,,
503,Underläkare för sommarvikariat 2021 till ASIH Stockholm Södra,Läkare -,,,"Legitimerad -, Högskola -",441774896477,,,,,
504,Underläkare med intresse för psykiatri/rättspsykiatri,Läkare -,,,"Legitimerad -, Högskola -",441774898933,,,,,
505,Underläkare till infektionskliniken (vikariat,Läkare -,,,"Legitimerad -, Högskola -",441774901180,,,,,
506,Allmänspecialist Väla Hälsocenter,Läkare -,,,"Legitimerad -, Högskola -",441774904114,,,,,
507,Distriktsläkare till Vårdcentralen Svalöv,Läkare -,,,"Legitimerad -, Högskola -",441774906816,,,,,
508,"Överläkare till Anestesi, Sollefteå",Läkare -,,,"Legitimerad -, Högskola -",441775747166,,,,,
509,Städare Städgiganten AB,Städare -,,,"Körkort B -, Städutbildning -",441779082052,,,,,
510, Städare Knutsberg Consulting,Städare -,,,"Körkort B -, Städutbildning -",441779085867,,,,,
511,Städare VÄSTMANLAND,Städare -,,,Körkort B -,441779088902,,,,,
512,Städare SunClean AB ,Städare -,,,"Körkort B -, Städutbildning -",441779091691,,,,,
513,Städare Nis Kakel & Bygg ,Städare -,,,"Körkort B -, Städutbildning -",441779094665,,,,,
514,Söker städare Kiss Kitti,Städare -,,,Städutbildning -,441779097708,,,,,
515, Städare inom flyttstäd! Yones Imen,Städare -,,,"Gymnasiet -, Städutbildning -",441779100600,,,,,
516,Semestervikariat städare Örebro Region Örebro län,Städare -,,,Körkort B -,441779102995,,,,,
517,Städare lokalvårdare Qazi Traders,Städare -,,,Städutbildning -,441779106245,,,,,
518,Städare sökes omgående! Happy Cleaning Skane,Städare -,,,Körkort B -,441779108843,,,,,
519,Städare Lund med omnejd HEMSERVICE2 AB,Städare -,,,Körkort B -,441779111311,,,,,
520,Städare allt i allo Göteborg ,Städare -,,,Städutbildning -,441779113798,,,,,
521,Städare I Uppsala Sökes Städstaden Lokalvård,Städare -,,,Körkort B -,441779115932,,,,,
522,Städare till Vardagsfrid,Städare -,,,Gymnasiet -,441779118730,,,,,
523,Lokalvårdare sökes!,Städare -,,,Städutbildning -,441779121821,,,,,
524,Lokalvård / Städare (med B-körkort),Städare -,,,Städutbildning -,441779124413,,,,,
525,Städare och Fönsterputsare till städningsteamet,Städare -,,,Gymnasiet -,441779127902,,,,,
526,Green Clean söker miljömedvetna städare,Städare -,,,Körkort B -,441779130749,,,,,
527,Städare Lokalvårdare - Idre,Städare -,,,Gymnasiet -,441779133877,,,,,
528,Städare till specialen i Örebro med omnejd,Städare -,,,Körkort B -,441779138308,,,,,
529,Städare Lokalvårdare till Ada Service Partner,Städare -,,,Städutbildning -,441779141413,,,,,
530,Städare / Lokalvårdare till Ada Service Partner,Städare -,,,Gymnasiet -,441779143866,,,,,
531,Städare Lokalvårdare sökes omgående,Städare -,,,"Körkort B -, Städutbildning -",441779148238,,,,,
532,Cleaning staff for Malmö / Lund,Städare -,,,Städutbildning -,441779150671,,,,,
533,Hemservicepersonal till Lund och Malmö,Städare -,,,"Körkort B -, Städutbildning -",441779153411,,,,,
534,Cleaning staff for Malmö / Lund,Städare -,,,"Körkort B -, Städutbildning -",441779156259,,,,,
535,Lokalvårdare,Städare -,,,Städutbildning -,441779165453,,,,,
536,"Lokalvårdare, Stockholm",Städare -,,,Körkort B -,441779167705,,,,,
537,Lokalvårdare/städerska med eget driv!,Städare -,,,"Körkort B -, Städutbildning -",441779170248,,,,,
538,Lokalvårdare och fastighetsskötare sökes,Städare -,,,Körkort B -,441779172403,,,,,
539,Lokalvårdare,Städare -,,,"Körkort B -, Städutbildning -",441779175146,,,,,
540,Städmedarbetare till Samlad service,Städare -,,,Körkort B -,441779179061,,,,,
541,Hemstäd/Städtjänst,Städare -,,,Städutbildning -,441779182533,,,,,
542,Vi söker städpersonal,Städare -,,,Körkort B -,441779186587,,,,,
543,Hej student till lokalvård!,Städare -,,,Städutbildning -,441779189628,,,,,
544,Ledigt jobb som lokalvårdare inom hotellbranschen,Städare -,,,Städutbildning -,441779192219,,,,,
545,Hemrex söker städpersonal till Ystad,Städare -,,,Körkort B -,441779194654,,,,,
546,Privat hemtjänst Service enheten Systrarna Odh Falköpin,Städare -,,,"Gymnasiet -, Körkort B -",441779197412,,,,,
547,"Servicemedarbetare, sommarvikariat 2021",Städare -,,,Körkort B -,441779200944,,,,,
548,Lokalvårdare,Städare -,,,"Körkort B -, Städutbildning -",441779204201,,,,,
549,Vi söker arbetarna!,Städare -,,,Gymnasiet -,441779207693,,,,,
550,Lokalvårdare Västra Götaland,Städare -,,,Körkort B -,441779210706,,,,,
551,Städare/lokalvårdare,Städare -,,,Städutbildning -,441779212957,,,,,
552,Motiverad städare/städerska,Städare -,,,Körkort B -,441779215394,,,,,
553,Erfaren Hemstädare,Städare -,,,Körkort B -,441779218506,,,,,
554,Lokalvårdare till löparuppdrag,Städare -,,,Städutbildning -,441779222977,,,,,
555,Lokalvård Sommarjobb,Städare -,,,Städutbildning -,441779225611,,,,,
556,Har du erfarenhet av städ och har bil och körkort?,Städare -,,,Gymnasiet -,441779228337,,,,,
557,Lokalvård Sommarjobb,Städare -,,,Städutbildning -,441779230882,,,,,
558,Lokalvårdare/Hemstädning,Städare -,,,Körkort B -,441779233613,,,,,
559,VIKARIE LOKALVÅRD LINKÖPING,Städare -,,,Städutbildning -,441779237659,,,,,
560,Lokalvårdare (helg) till EightRooms Hotel,Städare -,,,Städutbildning -,441779240469,,,,,
561,Extrajobb: Flyttstädning,Städare -,,,Städutbildning -,441779244035,,,,,
562,Hemstäd Västerås,Städare -,,,Gymnasiet -,441779247355,,,,,
563,Hemrex söker städpersonal till Ystad/Simrishamn,Städare -,,,Körkort B -,441779250354,,,,,
564,Servicemedarbetare Eksjö,Städare -,,,Städutbildning -,441779257719,,,,,
565,Hjälpa någon i hemmet,Städare -,,,Städutbildning -,441779259960,,,,,
566,"Städpersonal flyttstädning - Städgiganten AB, Stockholm",Städare -,,,Städutbildning -,441779263003,,,,,
567,Jobba som hemstädare på Aleva i Holmsund,Städare -,,,Körkort B -,441779265766,,,,,
568,Lokalvårdare sökes till Tiohundra,Städare -,,,Städutbildning -,441779270780,,,,,
569,"Lokalvårdare hemstädning, Malmö",Städare -,,,Gymnasiet -,441779273845,,,,,
570,Studerande lokalvårdare till Städtjänst,Städare -,,,Städutbildning -,441779276307,,,,,
571,Vi söker lokal och fordonsvårdare,Städare -,,,Körkort B -,441779280667,,,,,
572,Timvikarie lokalvård,Städare -,,,Städutbildning -,441779282216,,,,,
573,Lokalvårdare sökes,Städare -,,,Körkort B -,441779286341,,,,,
574,Städmedarbetare,Städare -,,,Städutbildning -,441779289014,,,,,
575,Städmedarbetare/avsynare,Städare -,,,Gymnasiet -,441779291765,,,,,
576,"Lokalvårdare sökes, Spånga-Kista",Städare -,,,"Körkort B -, Städutbildning -",441779294349,,,,,
577,workfind söker lokalvårdare,Städare -,,,Körkort B -,441779296830,,,,,
578,Nu söker vi lokalvårdare till vår kund i Oskarshamnsområdet,Städare -,,,Körkort B -,441779299140,,,,,
579,Hemstädare,Städare -,,,Städutbildning -,441779301256,,,,,
580,Städ/Lokalvårdare,Städare -,,,Städutbildning -,441779303767,,,,,
581,Intresseanmälan Lokalvårdare med servicekänsla till Borås,Städare -,,,Städutbildning -,441779306515,,,,,
582,"Timanställd lokalvårdare till Coor, Umeå",Städare -,,,"Körkort B -, Städutbildning -",441779312177,,,,,
583,Lokalvårdare/städare,Städare -,,,"Körkort B -, Städutbildning -",441779315204,,,,,
584,Timvikare till växande familjebolag,Städare -,,,Körkort B -,441779317986,,,,,
585,Lokalvårdare CK Hem och Trädgårdsservice,Städare -,,,Städutbildning -,441779323543,,,,,
586,Servicevärd inom vården,Städare -,,,Körkort B -,441779326411,,,,,
587,Söker lokalvårdare/trappstädare på heltid i Stockholm - Körkort ett krav,Städare -,,,Städutbildning -,441779330055,,,,,
588,Servicevärd inom vården,Städare -,,,Körkort B -,441779333248,,,,,
589,Städ lokalvård,Städare -,,,Städutbildning -,441779335966,,,,,
590,Lokalvårdare i Flen,Städare -,,,Städutbildning -,441779338650,,,,,
591,VIKARIER LOKALVÅRD - SÖDERKÖPING,Städare -,,,Städutbildning -,441779342173,,,,,
592,VIKARIER LOKALVÅRD TILL GAMLEBY,Städare -,,,Städutbildning -,441779344717,,,,,
593,Stolt lokalvårdare,Städare -,,,Städutbildning -,441779346632,,,,,
594,Lokalvårdare/Städare,Städare -,,,Städutbildning -,441779348916,,,,,
595,Lokalvårdare hotellstädning,Städare -,,,Körkort B -,441779351800,,,,,
596,Servicepersonal till Ljungby sommaren 2021,Städare -,,,"Gymnasiet -, Körkort B -, Städutbildning -",441779354714,,,,,
597,HEMSERVICE2 AB Lund Städare/Lokalvårdare,Städare -,,,"Gymnasiet -, Körkort B -, Städutbildning -",441779358833,,,,,
598,Flyttstädare Vittent städservice,Städare -,,,Körkort CE -,441779361933,,,,,
599,Lokalvårdare /fönsterputsare,Städare -,,,Körkort B -,441779364404,,,,,
600,Vikarierande servicemedarbetare Mora,Städare -,,,Körkort B -,441779366903,,,,,
601,Vikarierande servicemedarbetare Mora,Städare -,,,Städutbildning -,441779369542,,,,,
602,Vikarierande servicemedarbetare Avesta,Städare -,,,Körkort B -,441779371809,,,,,
603,Servicemedarbetare Falun,Städare -,,,Städutbildning -,441779373542,,,,,
604,Lokalvårdare på deltid,Städare -,,,"Gymnasiet -, Körkort B -, Städutbildning -",441779376587,,,,,
605,Lokalvårdare Malmö,Städare -,,,Körkort B -,441779379615,,,,,
606,Lokalvårdare Stockholm,Städare -,,,Körkort B -,441779381952,,,,,
607,Holm Städtjänst söker serviceinriktad lokalvårdare,Städare -,,,"Gymnasiet -, Städutbildning -",441779385730,,,,,
608,Serviceassistent,Städare -,,,"Gymnasiet -, Körkort B -, Städutbildning -",441779388738,,,,,
609,Personlig Assistent LIFE CARE ASSISTANS ,Personlig assistent -,,,"Gymnasiet -, Körkort B -",441779710896,,,,,
610,Personlig Assistent Livihop AB,Personlig assistent -,,,"Gymnasiet -, Körkort B -",441779714926,,,,,
611,Personlig assistent Svea Assistans ,Personlig assistent -,,,Körkort B -,441779718428,,,,,
612,Personlig assistent Medborgarskolan,Personlig assistent -,,,Gymnasiet -,441779721225,,,,,
613,Personlig assistent,Personlig assistent -,,,"Gymnasiet -, Körkort B -",441779724737,,,,,
614,Personlig assistent Arjeplog kommun,Personlig assistent -,,,"Gymnasiet -, Körkort B -",441779728822,,,,,
615,Personlig assistent Enköpings kommun Vård och omsorg,Personlig assistent -,,,Körkort B -,441779733450,,,,,
616,Personlig assistent PW HUMAN CAPITAL AB,Personlig assistent -,,,"Gymnasiet -, Körkort B -",441779737165,,,,,
617,Personlig assistent Varbergs kommun,Personlig assistent -,,,Körkort B -,441779743681,,,,,
618,Personlig assistent Calluna Assistant,Personlig assistent -,,,Körkort B -,441779747142,,,,,
619,Personlig assistent Ekens assistans AB,Personlig assistent -,,,"Gymnasiet -, Körkort B -",441779751480,,,,,
620,Personlig Assistent Törnrosens Assistans AB,Personlig assistent -,,,Körkort B -,441779755420,,,,,
621,Personlig assistent ENIGHETEN PERSONLIGASSISTANS AB,Personlig assistent -,,,Körkort B -,441779759686,,,,,
622,Personlig assistent Assistansporten AB,Personlig assistent -,,,"Gymnasiet -, Körkort B -",441779767239,,,,,
623,Personlig Assistent Novasis Mitt AB ,Personlig assistent -,,,Körkort B -,441779776250,,,,,
624,Personlig assistent Frej Assistans,Personlig assistent -,,,Körkort B -,441779779810,,,,,
625,Personlig Assistent Rätt och Laglig Assistans,Personlig assistent -,,,Körkort B -,441779784468,,,,,
626,Personlig Assistent Persson Ann-Marie,Personlig assistent -,,,Körkort B -,441779789284,,,,,
627,Personlig assistent Blå Assistans,Personlig assistent -,,,"Gymnasiet -, Körkort B -",441779794861,,,,,
628,Personlig assistent Calluna Assistans,Personlig assistent -,,,Körkort B -,441779798118,,,,,
629,Personlig assistent Max Assistans AB,Personlig assistent -,,,"Gymnasiet -, Körkort B -",441779801950,,,,,
630,Personlig assistent Habo kommun,Personlig assistent -,,,Körkort B -,441780378568,,,,,
631,Personlig assistent PW HUMAN CAPITAL AB,Personlig assistent -,,,"Gymnasiet -, Körkort B -",441780382350,,,,,
632,Personlig assistent,Personlig assistent -,,,Körkort B -,441780385650,,,,,
633,Personlig assistent TILLITS-TEAMET SVERIGE AB,Personlig assistent -,,,Körkort B -,441780389608,,,,,
634,Personlig assistent Höganäs Omsorg AB,Personlig assistent -,,,Körkort B -,441780392769,,,,,
635,Personlig assistent SVANEN HEMTJÄNST AKTIEBOLAG,Personlig assistent -,,,Körkort B -,441780395720,,,,,
636,Personlig assistent Novasis Mitt AB ,Personlig assistent -,,,Gymnasiet -,441780399149,,,,,
637,Personlig assistent MELLANHANDEN AB,Personlig assistent -,,,Gymnasiet -,441780402475,,,,,
638,Personlig assistent SAAND Service & Omsorg AB,Personlig assistent -,,,"Gymnasiet -, Körkort B -",441780405961,,,,,
639,Personlig Assistent Törnrosens Assistans AB - Västerås,Personlig assistent -,,,Körkort B -,441780409606,,,,,
640,Personlig assistent BOOA OMSORG & ASSISTANS,Personlig assistent -,,,"Gymnasiet -, Körkort B -",441780412409,,,,,
641,Personlig assistent MP ASSISTANS AB,Personlig assistent -,,,Körkort B -,441780415513,,,,,
642,Personlig Assistent Jengla Omsorg AB ,Personlig assistent -,,,"Gymnasiet -, Körkort B -",441780418137,,,,,
643,Personlig assistent Särnmark Assistans AB,Personlig assistent -,,,Körkort B -,441780420873,,,,,
644,Personlig assistent Ekens Assistans AB,Personlig assistent -,,,Körkort B -,441780423679,,,,,
645,Personlig Assistent Lystra personlig assistans ,Personlig assistent -,,,"Gymnasiet -, Körkort B -",441780426611,,,,,
646,Personlig assistent! Lystra personlig assistans,Personlig assistent -,,,Körkort B -,441780428587,,,,,
647,"Personlig Assistent, (Bjästa) ENKV",Personlig assistent -,,,Körkort B -,441780431137,,,,,
648,"Personlig assistent, Malung ENIGHETEN PERSONLIG ASSISTANS AB",Personlig assistent -,,,"Gymnasiet -, Körkort B -",441780433850,,,,,
649,"Personlig assistent, Malung ENIGHETEN PERSONLIG ASSISTANS AB",Personlig assistent -,,,Körkort B -,441780436615,,,,,
650,Personlig assistent Falun/London Libra Assistans,Personlig assistent -,,,"Legitimerad -, Körkort B -",441780439278,,,,,
651,Personlig Assistent sökes INOVA ASSISTANS AB - Nacka,Personlig assistent -,,,Körkort B -,441780626433,,,,,
652,Personlig assistent timvik LAVITA ASSISTANS AB,Personlig assistent -,,,"Gymnasiet -, Körkort B -",441780630614,,,,,
653,Personlig assistent sökes Lillebo Assistans,Personlig assistent -,,,Gymnasiet -,441780633120,,,,,
654,Lösningsfokuserad personlig assistent DVT Assistans AB ,Personlig assistent -,,,"Gymnasiet -, Körkort B -",441780635580,,,,,
655,Personlig assistent jobjustnu Karlstad ,Personlig assistent -,,,Körkort B -,441780637970,,,,,
656,Personlig assistent sökes 7H Assistans,Personlig assistent -,,,Körkort B -,441780641075,,,,,
657,Personlig assistent sökes! Socialförvaltningen,Personlig assistent -,,,"Gymnasiet -, Körkort B -",441780645967,,,,,
658,"Personlig assistent, Lindome Move & Walk Assistans ",Personlig assistent -,,,"Gymnasiet -, Körkort B -",441780649191,,,,,
659,"Personlig assistent, 2020-241 MejDej-kooperativet",Personlig assistent -,,,Körkort B -,441780651835,,,,,
660,Personlig assistent sökes! Södertälje Assistans AB,Personlig assistent -,,,"Gymnasiet -, Körkort B -",441780655674,,,,,
661,Personlig Assistent Falun 4 Andi AB,Personlig assistent -,,,Körkort B -,441780658478,,,,,
662,Timvikarie Personlig assistent ASSISTERA SKANDINAVIEN AB,Personlig assistent -,,,Körkort B -,441780661426,,,,,
663,Personlig Assistent i Stockholm Rekrytering,Personlig assistent -,,,Körkort B -,441780780826,,,,,
664,Musikintresserad personlig assistent sökes! FBA Assistans,Personlig assistent -,,,Körkort B -,441780784440,,,,,
665,Semestervikariat som personlig assistent Uppvidinge kommun,Personlig assistent -,,,Körkort B -,441780787826,,,,,
666,Personlig Assistent i Ludvika,Personlig assistent -,,,Körkort B -,441780791995,,,,,
667,Personlig assistent Skellefteå (43) Din Förlängda Arm i Norr AB,Personlig assistent -,,,"Gymnasiet -, Körkort B -",441780795198,,,,,
668,Personlig Assistent sovande natt,Personlig assistent -,,,Körkort B -,441780798887,,,,,
669,Personlig assistent till Kvinna,Personlig assistent -,,,"Gymnasiet -, Körkort B -",441780801594,,,,,
670,Personlig assistent sökes omgående,Personlig assistent -,,,Körkort B -,441780804999,,,,,
671,Personlig assistent med arbetsledarskap,Personlig assistent -,,,Körkort B -,441780808408,,,,,
672,Personlig Assistent Övertorneå Vikarie,Personlig assistent -,,,Gymnasiet -,441780813766,,,,,
673,Personlig Assistent i Bjärred,Personlig assistent -,,,Gymnasiet -,441780817487,,,,,
674,Personlig Assistent i Helsingborg,Personlig assistent -,,,Körkort B -,441780820770,,,,,
675,"Timanställd Personlig Assistent, (Gnesta)",Personlig assistent -,,,"Gymnasiet -, Körkort B -",441780824259,,,,,
676,Personlig Assistent i Gagnef,Personlig assistent -,,,Körkort B -,441780829980,,,,,
677,Personlig assistent till Skövde Leva Assistans AB,Personlig assistent -,,,Körkort B -,441780832436,,,,,
678,Personlig assistent i Södertälje,Personlig assistent -,,,"Gymnasiet -, Körkort B -",441780835637,,,,,
679,"Personlig assistent, Genarp. Behovsanställning.",Personlig assistent -,,,Körkort B -,441780837881,,,,,
680,Personlig assistent Eslövs kommun ANIMO ASSISTANS AB,Personlig assistent -,,,Körkort B -,441780840740,,,,,
681,Personlig assistent till Barn/Ungdom,Personlig assistent -,,,"Gymnasiet -, Körkort B -",441780843612,,,,,
682,Personlig assistent i Södermalm,Personlig assistent -,,,Körkort B -,441780846280,,,,,
683,Personlig assistent i Västervik AB,Personlig assistent -,,,"Gymnasiet -, Körkort B -",441780850318,,,,,
684,Personlig assistent i Kullavik,Personlig assistent -,,,Gymnasiet -,441780854099,,,,,
685,Personlig Assistent i Klintehamn,Personlig assistent -,,,Körkort B -,441780857084,,,,,
686,Personlig assistent till Motala,Personlig assistent -,,,Körkort B -,441780859736,,,,,
687,"Personlig assistent, sjuk/semvik, Ljusdal",Personlig assistent -,,,"Gymnasiet -, Körkort B -",441780863149,,,,,
688,Personlig assistent i Falkenberg.,Personlig assistent -,,,"Gymnasiet -, Körkort B -",441780868243,,,,,
689,Personlig assistent sökes heltid/deltid,Personlig assistent -,,,Körkort B -,441780872487,,,,,
690,Personlig assistent - stockholm,Personlig assistent -,,,Körkort B -,441780875762,,,,,
691,Personlig Assistent deltid/vikarie LAHOLM,Personlig assistent -,,,Gymnasiet -,441780879687,,,,,
692,Personlig Assistent heltid LAHOLM,Personlig assistent -,,,Gymnasiet -,441780884881,,,,,
693,Personlig assistent vikariat föräldraledighet,Personlig assistent -,,,"Gymnasiet -, Körkort B -",441780887884,,,,,
694,Personlig assistent i Sollefteå,Personlig assistent -,,,Gymnasiet -,441780891252,,,,,
695,Kanonjobb som personlig assistent,Personlig assistent -,,,"Gymnasiet -, Körkort B -",441780894667,,,,,
696,Möjliggörande personlig assistent tim/behov,Personlig assistent -,,,Körkort B -,441780901262,,,,,
697,Personlig assistent i Järfälla,Personlig assistent -,,,"Gymnasiet -, Körkort B -",441780903937,,,,,
698,Personlig assistent i centrala Strömstad,Personlig assistent -,,,Körkort B -,441780907755,,,,,
699,Personlig assistent till aktiv kille!,Personlig assistent -,,,Gymnasiet -,441780910901,,,,,
700,Personlig assistent till ung tjej,Personlig assistent -,,,"Gymnasiet -, Körkort B -",441780915649,,,,,
701,Personlig assistent sökes till Älvsjö,Personlig assistent -,,,Gymnasiet -,441780918519,,,,,
702,Personlig Assistent sökes i Växjö,Personlig assistent -,,,Gymnasiet -,441780921006,,,,,
703,Personlig Assistent - Timanställd (Enskededalen),Personlig assistent -,,,Gymnasiet -,441780923459,,,,,
704,Personlig assistent i Lomma sökes,Personlig assistent -,,,Gymnasiet -,441780926121,,,,,
705,Personlig assistent till Cederbonds Assistans,Personlig assistent -,,,Körkort B -,441780929529,,,,,
706,Personlig assistent med grundläggande teckenkunskaper,Personlig assistent -,,,Körkort B -,441780932191,,,,,
707,Personlig assistent sökes till Borås,Personlig assistent -,,,Körkort B -,441780937032,,,,,
708,Personlig Assistent extra vid behov,Personlig assistent -,,,Körkort B -,441780940052,,,,,
709,Personlig assistent med grundläggande teckenkunskaper,Personlig assistent -,,,"Gymnasiet -, Körkort B -",441780942861,,,,,
710,26-årig kille söker personlig assistent,Personlig assistent -,,,Körkort B -,441780945764,,,,,
711,26-årig kille söker personlig assistent,Personlig assistent -,,,Körkort B -,441785951629,,,,,
712,Utvecklare TechHamn AB,Utvecklare -,,,Högskola -,441785957377,,,,,
713,Utvecklare Bygghemma,Utvecklare -,,,"Högskola -, Java programmering -",441785960750,,,,,
714,Utvecklare LeadPilot,Utvecklare -,,,Högskola -,441785963988,,,,,
715,C++ utvecklare Studentwork Sverige,Utvecklare -,,,Högskola -,441785968137,,,,,
716,Backend utvecklare! i3tex ,Utvecklare -,,,"Högskola -, Java programmering -",441785971684,,,,,
717,Utvecklare .NET/C#,Utvecklare -,,,Högskola -,441785975591,,,,,
718,Utvecklare Java AFRY,Utvecklare -,,,"Högskola -, Java programmering -",441785978590,,,,,
719,Backend utvecklare Etteplan,Utvecklare -,,,"Högskola -, Java programmering -",441785982410,,,,,
720,Javabackend utvecklare Resurs Bank,Utvecklare -,,,"Högskola -, Java programmering -",441785985329,,,,,
721,Junior utvecklare Funnel AB ,Utvecklare -,,,Högskola -,441785988091,,,,,
722,Python- utvecklare Maxkompetens AB,Utvecklare -,,,Högskola -,441785991932,,,,,
723,Java utvecklare Randstad,Utvecklare -,,,"Högskola -, Java programmering -",441785995381,,,,,
724,Front-end utvecklare AFRY,Utvecklare -,,,"Högskola -, Körkort B -",441785998839,,,,,
725,Frontend Utvecklare Sopra Steri,Utvecklare -,,,"Högskola -, Java programmering -",441786002860,,,,,
726,Vassa utvecklare! Wise IT AB,Utvecklare -,,,Högskola -,441786006264,,,,,
727,JavaScript utvecklare Engulf ,Utvecklare -,,,Högskola -,441786009659,,,,,
728,Fullstack utvecklare PostNord Group,Utvecklare -,,,"Högskola -, Java programmering -",441786013160,,,,,
729,AWS utvecklare Data Ductus,Utvecklare -,,,Högskola -,441786016935,,,,,
730,Python- utvecklare Maxkompetens AB ,Utvecklare -,,,Högskola -,441786019744,,,,,
731,Cloud DevOps utvecklare Combitech AB,Utvecklare -,,,"Högskola -, Java programmering -",441786022953,,,,,
732,Frontend utvecklare Shopify STENBOLAGET I STOCKHOLM AB ,Utvecklare -,,,"Högskola -, Körkort B -, Java programmering -",441786026347,,,,,
733,Junior utvecklare sökes! Framtiden AB,Utvecklare -,,,Högskola -,441786029093,,,,,
734,Wordpress/ Elementor utvecklare Göteborg,Utvecklare -,,,Högskola -,441786032103,,,,,
735,Databasutvecklare / Utvecklare Bravura,Utvecklare -,,,"Högskola -, Java programmering -",441786034573,,,,,
736,Lösningskonsult / Utvecklare Synerity AB,Utvecklare -,,,Högskola -,441786037342,,,,,
737,"Fullstack utvecklare, Stockholm Randstad",Utvecklare -,,,"Högskola -, Java programmering -",441786039920,,,,,
738,APP utvecklare Android/Iphone Infracom Communication AB,Utvecklare -,,,"Högskola -, Java programmering -",441786054645,,,,,
739,UTVECKLARE INOM NET Alten Sverige AB,Utvecklare -,,,Högskola -,441786058640,,,,,
740,Utvecklare till Affärssystem Ataio Affärssystem AB,Utvecklare -,,,"Högskola -, Java programmering -",441786062034,,,,,
741,Senior Java utvecklare,Utvecklare -,,,"Högskola -, Java programmering -",441786065688,,,,,
742,Senior utvecklare ServiceNow Centric Professionals,Utvecklare -,,,Högskola -,441786068942,,,,,
743,Utvecklare inom C# CaptureInnovation,Utvecklare -,,,"Högskola -, Körkort B -, Java programmering -",441786072461,,,,,
744,Programmerare / Utvecklare S E O Partner Sverige AB,Utvecklare -,,,"Högskola -, Java programmering -",441786080556,,,,,
745,Senior Frontend utvecklare Envoi AB ,Utvecklare -,,,Högskola -,441786084187,,,,,
746,Utvecklare inom Test Sogeti,Utvecklare -,,,"Högskola -, Java programmering -",441786086943,,,,,
747,Erfaren utvecklare till Verisure Mero Rekrytering AB ,Utvecklare -,,,"Högskola -, Java programmering -",441786089727,,,,,
748,Utvecklare Front Arena Prime Eviture - Stockholm,Utvecklare -,,,Högskola -,441786093153,,,,,
749,Frontend utvecklare inom webb,Utvecklare -,,,"Högskola -, Java programmering -",441786096845,,,,,
750,Utvecklare Skola Arbetsliv,Utvecklare -,,,Högskola -,441786100404,,,,,
751,Utvecklare inom inbyggda system Mpya Sci &,Utvecklare -,,,Högskola -,441786103171,,,,,
752,Embedded ingenjör och utvecklare Synteda AB ,Utvecklare -,,,Högskola -,441786106554,,,,,
753,Java utvecklare fokus frontend Quest Consulting,Utvecklare -,,,Högskola -,441786110043,,,,,
754,Senior utvecklare Nodinite Testhuset - Karlstad,Utvecklare -,,,"Högskola -, Java programmering -",441786114008,,,,,
755,Java Utvecklare till Predictly Predictly AB,Utvecklare -,,,"Högskola -, Java programmering -",441786117239,,,,,
756,Java Utvecklare till Predictly Predictly AB,Utvecklare -,,,Högskola -,441786119990,,,,,
757,Utvecklare Dynamics 365 CE,Utvecklare -,,,Högskola -,441786123306,,,,,
758,Utvecklare inbyggda system,Utvecklare -,,,"Högskola -, Java programmering -",441786126332,,,,,
759,Utvecklare inom Business Intelligence Nethouse,Utvecklare -,,,"Högskola -, Körkort B -, Java programmering -",441786130108,,,,,
760,Startup bolag söker Java utvecklare,Utvecklare -,,,Högskola -,441786133466,,,,,
761,UTVECKLARE INOM OBJEKTORIENTERAD PROGRAMMERING,Utvecklare -,,,"Högskola -, Java programmering -",441786136370,,,,,
762,PHP utvecklare inom e-handel Academic Work,Utvecklare -,,,Högskola -,441786139551,,,,,
763,PHP utvecklare med driftkunskap Academic Work,Utvecklare -,,,"Högskola -, Körkort B -",441786142985,,,,,
764,VASS UTVECKLARE INOM JAVA,Utvecklare -,,,"Högskola -, Java programmering -",441786146230,,,,,
765,Embedded Utvecklare,Utvecklare -,,,Högskola -,441786149508,,,,,
766,FULLSTACK UTVECKLARE MOT FRONTEND,Utvecklare -,,,Högskola -,441786153233,,,,,
767,Utvecklare till Medius Ascendo,Utvecklare -,,,"Högskola -, Java programmering -",441786156320,,,,,
768,Cloud utvecklare,Utvecklare -,,,"Högskola -, Java programmering -",441786159647,,,,,
769,Utvecklare till Evado i Luleå!,Utvecklare -,,,Högskola -,441786162554,,,,,
770,Utvecklare sökes till Colix Systems,Utvecklare -,,,"Högskola -, Java programmering -",441786166218,,,,,
771,Utvecklare som älskar att koda,Utvecklare -,,,"Högskola -, Java programmering -",441786169408,,,,,
772,Utvecklare AWS,Utvecklare -,,,Högskola -,441786171557,,,,,
773,Utvecklare Frontend JavaScript,Utvecklare -,,,Högskola -,441786176277,,,,,
774,Chas söker utvecklare inom DevOps,Utvecklare -,,,Högskola -,441786179450,,,,,
775,Utvecklare sökes till attraktivt bolag!,Utvecklare -,,,Högskola -,441786182775,,,,,
776,Backend utvecklare till Amanda AI,Utvecklare -,,,"Högskola -, Java programmering -",441786185662,,,,,
777,Utvecklare Fullstack IoT till Dasa DASA CONTROL SYSTEMS AB,Utvecklare -,,,"Högskola -, Java programmering -",441786189628,,,,,
778,Frontend utvecklare till Construct IT,Utvecklare -,,,Högskola -,441786195002,,,,,
779,Senior utvecklare med inriktning medietjänster,Utvecklare -,,,"Högskola -, Java programmering -",441786198075,,,,,
780,Teamlead med bakgrund som utvecklare,Utvecklare -,,,"Högskola -, Java programmering -",441786201573,,,,,
781,HiQ Ace söker Java utvecklare,Utvecklare -,,,"Högskola -, Java programmering -",441786205763,,,,,
782,Utvecklare i Uppsala,Utvecklare -,,,"Högskola -, Körkort B -, Java programmering -",441786209400,,,,,
783,Tech-karriär på SEB Datadriven utvecklare,Utvecklare -,,,"Högskola -, Java programmering -",441786212879,,,,,
784,Utvecklare till Personalkollen i Linköping,Utvecklare -,,,"Högskola -, Java programmering -",441786216149,,,,,
785,Net utvecklare till prisad webbyrå,Utvecklare -,,,"Högskola -, Java programmering -",441786219291,,,,,
786,Utvecklare till Stockholms ledande tandvårdskedja,Utvecklare -,,,"Högskola -, Java programmering -",441786223221,,,,,
787,Utvecklare Office 365,Utvecklare -,,,"Högskola -, Körkort B -, Java programmering -",441786226375,,,,,
788,Utvecklare inom Webb och CMS,Utvecklare -,,,"Högskola -, Java programmering -",441786229912,,,,,
789,Fullstack utvecklare till Crowd1,Utvecklare -,,,"Högskola -, Java programmering -",441786233301,,,,,
790,Utvecklare till kontoret i Skellefteå,Utvecklare -,,,"Högskola -, Java programmering -",441786236255,,,,,
791,Senior fullstack utvecklare till GLOMO,Utvecklare -,,,"Högskola -, Java programmering -",441786238875,,,,,
792,Frontend Utvecklare till Digital People,Utvecklare -,,,"Högskola -, Java programmering -",441786242006,,,,,
793,ISEC söker juniora utvecklare till Umeå,Utvecklare -,,,"Högskola -, Java programmering -",441786244719,,,,,
794,Ambitiös utvecklare sökes för stor nöjessajt,Utvecklare -,,,"Högskola -, Java programmering -",441786248038,,,,,
795,Frontend utvecklare till Bonava i Stockholm,Utvecklare -,,,"Högskola -, Java programmering -",441786250883,,,,,
796,Backend utvecklare till Bonava i Stockholm,Utvecklare -,,,"Högskola -, Java programmering -",441786254179,,,,,
797,Fullstack utvecklare med fokus på front,Utvecklare -,,,"Högskola -, Java programmering -",441786257230,,,,,
798,IAM utvecklare ,Utvecklare -,,,"Högskola -, Java programmering -",441786260722,,,,,
799, iOS utvecklare till ICA i Stockholm,Utvecklare -,,,"Högskola -, Java programmering -",441786263832,,,,,
800,Embedded utvecklare med inriktning,Utvecklare -,,,"Högskola -, Java programmering -",441786266911,,,,,
801,Utvecklare som vill sväva på moln KNOWIT SYD AB,Utvecklare -,,,"Högskola -, Java programmering -",441786270733,,,,,
802,Fullstack utvecklare till Leoware IT Solutions,Utvecklare -,,,"Högskola -, Java programmering -",441786274815,,,,,
803,Nyfiken på VR?,Utvecklare -,,,"Högskola -, Java programmering -",441786277733,,,,,
804,BI utvecklare till Aspia i Stockholm!,Utvecklare -,,,"Högskola -, Java programmering -",441786280515,,,,,
805,Front end utvecklare inom Business Intelligence,Utvecklare -,,,"Högskola -, Java programmering -",441786283719,,,,,
806,Senior utvecklare till Safeture i Lund,Utvecklare -,,,"Högskola -, Java programmering -",441786286772,,,,,
807,Junior utvecklare med intresse för Scala,Utvecklare -,,,"Högskola -, Java programmering -",441786290049,,,,,
808,Stockholm Utvecklare embedded till Synective Labs,Utvecklare -,,,"Högskola -, Java programmering -",441786294630,,,,,
809,Frontend utvecklare till innovativa Svea Bank,Utvecklare -,,,"Högskola -, Java programmering -",441786297883,,,,,
810,React Native utvecklare till prisad webbyrå,Utvecklare -,,,"Högskola -, Java programmering -",441786300939,,,,,
811,React Native utvecklare till prisad webbyrå,Utvecklare -,,,"Högskola -, Java programmering -",441786388851,,,,,
812,Undersköterska Linné Hemvård,Undersköterska -,,,"Gymnasiet -, Körkort B -",441786421698,,,,,
813,Undersköterska Värnamo kommun ,Undersköterska -,,,Gymnasiet -,441786426112,,,,,
814,Undersköterska Varbergs kommun,Undersköterska -,,,"Gymnasiet -, Körkort B -",441786439202,,,,,
815,Undersköterska Ljungby kommun,Undersköterska -,,,"Gymnasiet -, Körkort B -",441786545448,,,,,
816,Undersköterska Ljungby kommun,Undersköterska -,,,"Gymnasiet -, Körkort B -",441786548602,,,,,
817,Undersköterska Västerviks kommun,Undersköterska -,,,"Gymnasiet -, Körkort B -",441786613112,,,,,
818,Undersköterska Bergs kommun ,Undersköterska -,,,"Gymnasiet -, Körkort B -",441786616304,,,,,
819,Undersköterska Trelleborgs kommun,Undersköterska -,,,"Gymnasiet -, Körkort B -",441786619883,,,,,
820,Undersköterska Svalövs kommun,Undersköterska -,,,Körkort B -,441786622581,,,,,
821,Undersköterska KOOPERATIVET HOTAGSFJÄRDEN,Undersköterska -,,,"Gymnasiet -, Körkort B -",441786625643,,,,,
822,Undersköterska Sjösidan säbo demens,Undersköterska -,,,"Gymnasiet -, Körkort B -",441787040642,,,,,
823,Undersköterska Kungsbacka kommun,Undersköterska -,,,Gymnasiet -,441787044962,,,,,
824,Undersköterska Undersköterskor på Särskilt Boende,Undersköterska -,,,Gymnasiet -,441787047091,,,,,
825,Undersköterska Säters kommun ,Undersköterska -,,,Gymnasiet -,441787049463,,,,,
826,Undersköterska Kungsporten Hemtjänst AB ,Undersköterska -,,,"Gymnasiet -, Körkort B -",441787052433,,,,,
827,Undersköterska Västerviks kommun,Undersköterska -,,,"Gymnasiet -, Körkort B -",441787055199,,,,,
828,Undersköterska Markaryds kommun ,Undersköterska -,,,Gymnasiet -,441787058136,,,,,
829,Undersköterska Socialförvaltningen  Vård och omsorg,Undersköterska -,,,"Gymnasiet -, Körkort B -",441787061986,,,,,
830,Undersköterska Borås Stad ,Undersköterska -,,,Gymnasiet -,441787064570,,,,,
831,Undersköterska Norlandia Care AB,Undersköterska -,,,Körkort B -,441787067393,,,,,
832,Undersköterska natt Arjeplog kommun,Undersköterska -,,,Gymnasiet -,441787070378,,,,,
833,Undersköterska heltid VÅRDHEMMET LUGNET AKTIEBOLAG,Undersköterska -,,,"Gymnasiet -, Körkort B -",441787073533,,,,,
834,Undersköterska Mogården Eksjö kommun,Undersköterska -,,,"Gymnasiet -, Körkort B -",441787076256,,,,,
835,Undersköterska hemtjänsten Eksjö kommun,Undersköterska -,,,Körkort B -,441787078907,,,,,
836,Undersköterska korttidsboende Ronneby kommun,Undersköterska -,,,Gymnasiet -,441787081940,,,,,
837,"Undersköterska, Hemtjänst Orust Kommun",Undersköterska -,,,"Gymnasiet -, Körkort B -",441787084429,,,,,
838,Undersköterska hemtjänst ELLA VÅRD OCH OMSORG AB,Undersköterska -,,,"Gymnasiet -, Körkort B -",441787087634,,,,,
839,Undersköterska hemtjänst Mora kommun ,Undersköterska -,,,Körkort B -,441787092054,,,,,
840,Undersköterska Natt Attendo Sverige,Undersköterska -,,,"Gymnasiet -, Körkort B -",441787095063,,,,,
841,Undersköterska natt Mora kommun ,Undersköterska -,,,Gymnasiet -,441787097822,,,,,
842,Undersköterska natt Svalövs kommun,Undersköterska -,,,"Gymnasiet -, Körkort B -",441787100949,,,,,
843,Finsktalande undersköterska QviMo AB,Undersköterska -,,,"Gymnasiet -, Körkort B -",441787103634,,,,,
844,"Undersköterska, nattjänst Arjeplog kommun",Undersköterska -,,,Gymnasiet -,441787105690,,,,,
845,Undersköterska Stenkilsgården Socialförvaltningen,Undersköterska -,,,"Gymnasiet -, Körkort B -",441787108651,,,,,
846,"Undersköterska, Hammargården Strängnäs kommun",Undersköterska -,,,"Gymnasiet -, Körkort B -",441787114349,,,,,
847,Undersköterska Natt Bollebygds kommun,Undersköterska -,,,"Gymnasiet -, Körkort B -",441787116817,,,,,
848,Vikariat undersköterska Förenade Care,Undersköterska -,,,Körkort B -,441787119963,,,,,
849,Undersköterska söks Solkattens hemtjänst ,Undersköterska -,,,Körkort B -,441787122713,,,,,
850,Undersköterska Fyrklövern Orust Kommun,Undersköterska -,,,"Gymnasiet -, Körkort B -",441787125247,,,,,
851,Undersköterska Hagagården Socialförvaltningen,Undersköterska -,,,"Gymnasiet -, Körkort B -",441787128994,,,,,
852,Undersköterska Hagagården Socialförvaltningen,Undersköterska -,,,"Gymnasiet -, Körkort B -",441787134887,,,,,
853,Sökes undersköterska 035 Vård & Omsorg AB,Undersköterska -,,,Gymnasiet -,441787138111,,,,,
854,Erfaren undersköterska Suomikoti Finskt Äldrecentrum,Undersköterska -,,,"Gymnasiet -, Körkort B -",441787143442,,,,,
855,Undersköterska Brunnsgården Vikariat Ljungby kommun,Undersköterska -,,,Gymnasiet -,441787146108,,,,,
856,Undersköterska till Solhaga Falkenbergs kommun,Undersköterska -,,,Körkort B -,441787148743,,,,,
857,Undersköterska till Ätranhemmet Falkenbergs kommun,Undersköterska -,,,Körkort B -,441787151105,,,,,
858,Undersköterska till LSS-boende Humana AB ,Undersköterska -,,,"Gymnasiet -, Körkort B -",441787153661,,,,,
859,Undersköterska till Solgården Omsorgsförvaltningen,Undersköterska -,,,"Gymnasiet -, Körkort B -",441787156308,,,,,
860,Undersköterska till Borggården Oskarshamns kommun,Undersköterska -,,,Gymnasiet -,441787159538,,,,,
861,"Undersköterska, Sictoniagården (visstidsanställning)",Undersköterska -,,,Gymnasiet -,441787163047,,,,,
862,Undersköterska för hemtjänst SOLLENTUNA OMSORG AB,Undersköterska -,,,Gymnasiet -,441787165206,,,,,
863,Undersköterska till Rönnebacken Osby kommun,Undersköterska -,,,"Gymnasiet -, Körkort B -",441787167453,,,,,
864,Undersköterska till Rönnebacken Osby kommun,Undersköterska -,,,"Gymnasiet -, Körkort B -",441787170311,,,,,
865,Undersköterska till Hemtjänsten Askersunds kommun,Undersköterska -,,,"Gymnasiet -, Körkort B -",441787172890,,,,,
866,Undersköterska till demensavdelning Helsingborgs stad,Undersköterska -,,,"Gymnasiet -, Körkort B -",441787175813,,,,,
867,Undersköterska hemtjänst 80-100% Aidal Careservice AB,Undersköterska -,,,"Gymnasiet -, Körkort B -",441787179052,,,,,
868,Undersköterska för timvikariat Föreningen Blomsterfonden,Undersköterska -,,,"Gymnasiet -, Körkort B -",441787182054,,,,,
869,Undersköterska till hemvården Helsingborgs stad ,Undersköterska -,,,"Gymnasiet -, Körkort B -",441787184739,,,,,
870,Undersköterska till hemtjänsten Proffssystern i Stockholm AB,Undersköterska -,,,"Gymnasiet -, Körkort B -",441787187613,,,,,
871,Undersköterska till Ehrenborg Omsorgsförvaltningen,Undersköterska -,,,"Gymnasiet -, Körkort B -",441787193217,,,,,
872,"Undersköterska, natt Ljungsätra Ljungby kommun",Undersköterska -,,,"Gymnasiet -, Körkort B -",441787195885,,,,,
873,Undersköterska i hemtjänst HEMTJÄNST BJÖRKHAGEN,Undersköterska -,,,"Gymnasiet -, Körkort B -",441787198254,,,,,
874,Undersköterska Hemvård vikariat Social Sektor,Undersköterska -,,,"Gymnasiet -, Körkort B -",441787200735,,,,,
875,"Undersköterska, ordinärt boende Kristianstads kommun ",Undersköterska -,,,"Gymnasiet -, Körkort B -",441787203796,,,,,
876,Undersköterska Hemtjänst Casa Berget Ek f,Undersköterska -,,,"Gymnasiet -, Körkort B -",441787208427,,,,,
877,Undersköterska till Sköllergården Hallsbergs kommun ,Undersköterska -,,,"Gymnasiet -, Körkort B -",441787211662,,,,,
878,Undersköterska /Vårdbiträde Länmansgården Arvidsjaurs Kommun,Undersköterska -,,,"Gymnasiet -, Körkort B -",441787215469,,,,,
879,Undersköterska till Birgittagården TioHundra AB,Undersköterska -,,,"Gymnasiet -, Städutbildning -",441787219364,,,,,
880,Undersköterska till hemtjänsten Förenade Care,Undersköterska -,,,"Gymnasiet -, Körkort B -",441787223212,,,,,
881,Undersköterska hemtjänst Södra Socialförvaltningen Vård och omsorg Hemtjänsten Södra,Undersköterska -,,,"Gymnasiet -, Körkort B -",441787262324,,,,,
882,Undersköterska till Sörgården Oskarshamns kommun,Undersköterska -,,,"Gymnasiet -, Körkort B -",441787265159,,,,,
883,Undersköterska till Trygghetsteamet Räddningstjänsten Väst,Undersköterska -,,,"Gymnasiet -, Körkort B -",441787268585,,,,,
884,Undersköterska i hemtjänsten Socialförvaltningen Vård och omsorg  Perstorp,Undersköterska -,,,"Gymnasiet -, Körkort B -",441787273380,,,,,
885,Undersköterska hemtjänst dagtid NOGA OMSORG HANINGE AB,Undersköterska -,,,"Gymnasiet -, Körkort B -",441787275861,,,,,
886,Undersköterska i Norlandia,Undersköterska -,,,"Gymnasiet -, Körkort B -",441787279466,,,,,
887,Undersköterska hemtjänst dagtid NOGA OMSORG HANINGE AB,Undersköterska -,,,"Gymnasiet -, Körkort B -",441787282290,,,,,
888,Undersköterska till ett äldreboende Södertälje kommun ,Undersköterska -,,,"Gymnasiet -, Körkort B -",441787286822,,,,,
889,Flexibel undersköterska till demensenhet Jönköpings kommun ,Undersköterska -,,,"Gymnasiet -, Körkort B -",441787291310,,,,,
890,Undersköterska till Hemvård Karlslund Örebro Kommun,Undersköterska -,,,"Gymnasiet -, Körkort B -",441787295799,,,,,
891,Undersköterska till Hemvård Karlslund Örebro Kommun,Undersköterska -,,,"Gymnasiet -, Körkort B -",441787302292,,,,,
892,Undersköterska till Demensavdelningen Sveg Härjedalens kommun,Undersköterska -,,,"Gymnasiet -, Körkort B -",441787307223,,,,,
893,Undersköterska i hemtjänst kvällstid HEMTJÄNST BJÖRKHAGEN,Undersköterska -,,,Körkort B -,441787311411,,,,,
894,"Undersköterska, ordinärt boende Hemtjänsten Strängnäs kommun, Hemtjänst 2 ",Undersköterska -,,,"Gymnasiet -, Körkort B -",441787314561,,,,,
895,"Gläntans dagverksamhet söker undersköterska Götene kommun, ",Undersköterska -,,,"Gymnasiet -, Körkort B -",441787317711,,,,,
896,Undersköterska till Fullriggarens demensavdelning,Undersköterska -,,,"Gymnasiet -, Körkort B -",441787320752,,,,,
897,"Undersköterska till Hemtjänsten Osby Osby kommun, Hälsa och Välfärd ",Undersköterska -,,,"Gymnasiet -, Körkort B -",441787324998,,,,,
898,"Undersköterska till Juntgården, Venjan Mora kommun",Undersköterska -,,,"Gymnasiet -, Körkort B -",441787329771,,,,,
899,Undersköterska till Demenscentrum Charlottesborg Kristianstads kommun,Undersköterska -,,,"Gymnasiet -, Körkort B -",441787334142,,,,,
900,Vikariat Undersköterska,Undersköterska -,,,"Gymnasiet -, Körkort B -",441787337303,,,,,
901,Undersköterska till Hemvård yngre Vård och omsorgsförvaltningen,Undersköterska -,,,Gymnasiet -,441787340584,,,,,
902,Undersköterska till Vallastadens vårdboende Linköpings kommun,Undersköterska -,,,"Gymnasiet -, Körkort B -",441787346117,,,,,
903,Undersköterska till Uggledals äldreboende,Undersköterska -,,,"Gymnasiet -, Körkort B -",441787349549,,,,,
904,Undersköterska till Berga vårdboende Linköpings kommun ,Undersköterska -,,,"Gymnasiet -, Körkort B -",441787351778,,,,,
905,Undersköterska natt Villa Viktoria Mörbylånga Kommun,Undersköterska -,,,"Gymnasiet -, Körkort B -",441787354981,,,,,
906,Undersköterska till Hemtjänst Vittsjö Omsorgsförvaltningen,Undersköterska -,,,"Gymnasiet -, Körkort B -",441787357924,,,,,
907,Undersköterska till Fredriksdals omvårdnadsboende Karlskrona kommun ,Undersköterska -,,,"Gymnasiet -, Körkort B -",441787363017,,,,,
908,Undersköterska till Hedegårdens korttidsverksamhet Tanums Kommun,Undersköterska -,,,Gymnasiet -,441787365424,,,,,
909,Tvåspråkig undersköterska till Karlslundsgården Örebro Kommun,Undersköterska -,,,"Gymnasiet -, Körkort B -",441787368274,,,,,
910,Rådomsgården AB söker undersköterska,Undersköterska -,,,"Gymnasiet -, Körkort B -",441787372791,,,,,
911,Rådomsgården AB söker undersköterska,Undersköterska -,,,"Gymnasiet -, Körkort B -",441787457822,,,,,
912,Lärare i Grundskolan år 4-6 Vansbro kommun,Lärare i grundskolan -,,,Högskola -,441787471394,,,,,
913,Lärare i grundskolan årskurs 3-5 Motala kommun,Lärare i grundskolan -,,,Högskola -,441787475269,,,,,
914,Lärare i grundskolan årskurs 1,Lärare i grundskolan -,,,Högskola -,441787478794,,,,,
915,Teacher Science Biology Chemistry Physics Technology,Lärare i grundskolan -,,,Högskola -,441787486081,,,,,
916,Teacher English Ages 10 13,Lärare i grundskolan -,,,Högskola -,441787490797,,,,,
917,Lärare åk 4,Lärare i grundskolan -,,,Högskola -,441787493646,,,,,
918,Lärare Svenska Agila School AB ,Lärare i grundskolan -,,,Högskola -,441787497976,,,,,
919,Lärare Svenska,Lärare i grundskolan -,,,Högskola -,441787500750,,,,,
920,Vi söker lärare i F,Lärare i grundskolan -,,,Högskola -,441787503826,,,,,
921,Lärare MA/NO åk 7,Lärare i grundskolan -,,,Högskola -,441787507040,,,,,
922,Grundskollärare åk 2 Karlshovsskolan,Lärare i grundskolan -,,,Högskola -,441787510993,,,,,
923,Grundskollärare åk 2,Lärare i grundskolan -,,,Högskola -,441787513597,,,,,
924,Grundskollärare Grillbyskolan F,Lärare i grundskolan -,,,Högskola -,441787516190,,,,,
925,Grundskolelärare i ämnet matematik 4,Lärare i grundskolan -,,,Högskola -,441787519338,,,,,
926,Vi söker en lärare till åk 4 på Vittra Lambohov,Lärare i grundskolan -,,,Högskola -,441787521782,,,,,
927,Söker en lärare till åk 4 ,Lärare i grundskolan -,,,Högskola -,441787524918,,,,,
928,Lärare till åk 3 på Vittra Lambohov,Lärare i grundskolan -,,,Högskola -,441787527244,,,,,
929,Lärare till åk 1 på Vittra Lambohov,Lärare i grundskolan -,,,Högskola -,441787529777,,,,,
930,SVA Lärare till D,Lärare i grundskolan -,,,Högskola -,441787532168,,,,,
931,Lärare till åk 4,Lärare i grundskolan -,,,Högskola -,441787535084,,,,,
932,Grundskollärare till Hallsta skola,Lärare i grundskolan -,,,Högskola -,441787537325,,,,,
933,Lärare i matematik och NO,Lärare i grundskolan -,,,Högskola -,441787539813,,,,,
934,Lärare i matematik,Lärare i grundskolan -,,,Högskola -,441787542077,,,,,
935,SFI lärare sökes till lördagsundervisning,Lärare i grundskolan -,,,Högskola -,441787545051,,,,,
936,SFI lärare,Lärare i grundskolan -,,,Högskola -,441787547503,,,,,
937,Lärare i engelska åk Uppsala kommun,Lärare i grundskolan -,,,Högskola -,441787554395,,,,,
938,Grundskollärare åk till Gemöskolan Älmhults kommun,Lärare i grundskolan -,,,Högskola -,441787582500,,,,,
939,Grundskollärare åk till Gemös,Lärare i grundskolan -,,,Högskola -,441787585835,,,,,
940,Lågstadielärare i åk 2,Lärare i grundskolan -,,,Högskola -,441787588264,,,,,
941,Futuraskolan International Gåshaga Skola ,Lärare i grundskolan -,,,Högskola -,441787591067,,,,,
942,Grundskollärare i åk till Täfteå skola,Lärare i grundskolan -,,,Högskola -,441787594536,,,,,
943,Grundskollärare i åk 6,Lärare i grundskolan -,,,Högskola -,441787597438,,,,,
944,Förskollärare lärare i yngre åldrar ,Lärare i grundskolan -,,,Högskola -,441787600541,,,,,
945,Lärare i matematik!,Lärare i grundskolan -,,,Högskola -,441787603073,,,,,
946,Lärare i MaNo åk 1 till Skulltorps ,Lärare i grundskolan -,,,Högskola -,441787606669,,,,,
947,Lärare i Ma No i Partille,Lärare i grundskolan -,,,Högskola -,441787610514,,,,,
948,Vittra Västra Hamnen söker lärare i NO åk 4,Lärare i grundskolan -,,,Högskola -,441787615035,,,,,
949,Vi söker en speciallärare i svenska till Vittra Västra Hamnen skola,Lärare i grundskolan -,,,Högskola -,441787617829,,,,,
950,MYP Swedish Language Acquisition Teacher,Lärare i grundskolan -,,,Högskola -,441787620317,,,,,
951,Lärare i Idrott och Hälsa till Slottsskolan 7,Lärare i grundskolan -,,,Högskola -,441787624371,,,,,
952,Lärare till grundsärskolan,Lärare i grundskolan -,,,Högskola -,441787627340,,,,,
953,Lärare i musik till Storviken ,Lärare i grundskolan -,,,Högskola -,441787631364,,,,,
954,Lärare i musik till Sörgårdsskolan,Lärare i grundskolan -,,,Högskola -,441787634412,,,,,
955,Ämneslärare franska Byskeskolan,Lärare i grundskolan -,,,Högskola -,441787638178,,,,,
956,Lärare i Svenska åk 4 Engelska Skolan Täby,Lärare i grundskolan -,,,Högskola -,441787641723,,,,,
957,Grundlärare,Lärare i grundskolan -,,,Högskola -,441787644594,,,,,
958,Senior math teacher to IES Västerås,Lärare i grundskolan -,,,Högskola -,441787648267,,,,,
959,English & Math Junior Teacher to IES Västerås,Lärare i grundskolan -,,,Högskola -,441787651023,,,,,
960,Arbeta som lärarvikarie i låg,Lärare i grundskolan -,,,Högskola -,441787653740,,,,,
961,Fler lärarvikarier i högstadiet i Burlöv,Lärare i grundskolan -,,,Högskola -,441787656533,,,,,
962,Vi söker fler flexibla lärarvikarier för arbete på skolor i Stockholms,Lärare i grundskolan -,,,Högskola -,441787659133,,,,,
963,Vi söker fler vikarier till högstadiet i Härryda,Lärare i grundskolan -,,,Högskola -,441787664892,,,,,
964,Vi söker fler lärarvikarier till  Härryda,Lärare i grundskolan -,,,Högskola -,441787668824,,,,,
965,Flexibelt och utvecklande extrajobb som lärarvikarie på låg och mellans,Lärare i grundskolan -,,,Högskola -,441787671641,,,,,
966,Till våren söker vi fler vikarier till låg och mellanstadie i Göteborg Bemannia ,Lärare i grundskolan -,,,Högskola -,441787675798,,,,,
967,Vi söker vi fler vikarier till Bemannia ,Lärare i grundskolan -,,,Högskola -,441787679664,,,,,
968,Arbeta som lärarvikarie på skolor i Norra Göteborg,Lärare i grundskolan -,,,Högskola -,441787682381,,,,,
969,Vikariera på högstadiet i Göteborg under vårterminen,Lärare i grundskolan -,,,Högskola -,441787686014,,,,,
970,Legitimerad och relationsskapande lärare ,Lärare i grundskolan -,,,Högskola -,441787688703,,,,,
971,Lärare i idrott och hälsa vid Altorpskolan,Lärare i grundskolan -,,,Högskola -,441787692456,,,,,
972,Grundskollärare Ma No till Munkhätteskolan,Lärare i grundskolan -,,,Högskola -,441787695245,,,,,
973,Förstelärare åk 7 engelska till Munkhätteskolan,Lärare i grundskolan -,,,Högskola -,441787699507,,,,,
974,Förstelärare åk 9 engelska till Munkhätteskolan,Lärare i grundskolan -,,,Högskola -,441787701839,,,,,
975,Förstelärare med inriktning Ma åk 4,Lärare i grundskolan -,,,Högskola -,441787705877,,,,,
976,Intresseanmälan VT-21,Lärare i grundskolan -,,,Högskola -,441787709657,,,,,
977,Lärare i teknik till Gökstensskolan,Lärare i grundskolan -,,,Högskola -,441787712002,,,,,
978,Lärarvikariat i idrott och hälsa,Lärare i grundskolan -,,,Högskola -,441787715754,,,,,
979,Lärare Svenska som andra språk SVA,Lärare i grundskolan -,,,Högskola -,441787719779,,,,,
980,Lärare SVA,Lärare i grundskolan -,,,Högskola -,441787721964,,,,,
981,Vi söker lärarkonsulter år 7,Lärare i grundskolan -,,,Högskola -,441787724415,,,,,
982,HÖGRE LÖN som LÄRARE,Lärare i grundskolan -,,,Högskola -,441787728171,,,,,
983,Lärare åk 6 PIPERiS,Lärare i grundskolan -,,,Högskola -,441787731260,,,,,
984,Lärare åk 6 PIPERiS,Lärare i grundskolan -,,,Högskola -,441787733338,,,,,
985,Lärare i Idrott till Minervaskolan,Lärare i grundskolan -,,,Högskola -,441787736173,,,,,
986,Allakando läxhjälp Malmö,Lärare i grundskolan -,,,Högskola -,441787738801,,,,,
987,En lärare som undervisar i Engelska samt Svenska och Sva,Lärare i grundskolan -,,,Högskola -,441787741512,,,,,
988,Grundskollärare för åk 7,Lärare i grundskolan -,,,Högskola -,441787744789,,,,,
989,Lärare i åk 1 till Alborga Skola,Lärare i grundskolan -,,,Högskola -,441787748148,,,,,
990,Lärare i ENG åk 4,Lärare i grundskolan -,,,Högskola -,441787750626,,,,,
991,Lärare Fagernäs skola,Lärare i grundskolan -,,,Högskola -,441787753184,,,,,
992,"Lärare i franska, heltid till två skolor i Södertälje",Lärare i grundskolan -,,,Högskola -,441787755828,,,,,
993,Lärare årskurs 4–,Lärare i grundskolan -,,,Högskola -,441787760522,,,,,
994,Vikarierande lärare i matematik och no,Lärare i grundskolan -,,,Högskola -,441787763212,,,,,
995,Lärare Ma/NO till Nyvångskolan åk 4,Lärare i grundskolan -,,,Högskola -,441787766628,,,,,
996,Textilslöjdlärare till Sörgårdsskolan,Lärare i grundskolan -,,,Högskola -,441787769478,,,,,
997,Lärare i ma och fysik,Lärare i grundskolan -,,,Högskola -,441787774381,,,,,
998,Lärare i slöjd till Adolfsbergsskolan ,Lärare i grundskolan -,,,Högskola -,441787777566,,,,,
999,Lärare i TM slöjd,Lärare i grundskolan -,,,Högskola -,441787781422,,,,,
1000,Lärare åk 4 Ma NO,Lärare i grundskolan -,,,Högskola -,441787785275,,,,,
1001,Lärare åk 5 Ma NO,Lärare i grundskolan -,,,Högskola -,441787788270,,,,,
1002,Stretereds Grundsärskola 6,Lärare i grundskolan -,,,Högskola -,441787790755,,,,,
1003,Stretereds Grundsärskola 9,Lärare i grundskolan -,,,Högskola -,441787793484,,,,,
1004,Högakustenskolan söker lärare till mellanstadiet,Lärare i grundskolan -,,,Högskola -,441787796341,,,,,
1005,Lärare till åk 5 Bjäkenbackens skola,Lärare i grundskolan -,,,Högskola -,441787799286,,,,,
1006,Lärare i Samhällsorienterade ämnen,Lärare i grundskolan -,,,Högskola -,441787801820,,,,,
1007,"Vi behöver dig, driven och engagerad lärare i fritidshem till Rannebergssko",Lärare i grundskolan -,,,Högskola -,441787804841,,,,,
1008,Tingsryds kommun söker förstelärare till Dackeskolan,Lärare i grundskolan -,,,Högskola -,441787808121,,,,,
1009,Vi söker högstadielärare i matte & NO,Lärare i grundskolan -,,,"Högskola -, Körkort B -",441787810597,,,,,
1010,Ämneslärare,Lärare i grundskolan -,,,Högskola -,441787813215,,,,,